analysis_label,data_kind,act_kind,data_count,valid_data_count,invalid_data_count,data_availability_rate,unique_subjects,date_range_start,date_range_end,sample_count,maximum,minimum,range,mean,median,variance,std,autocorr_lag1,autocorr_lag5,autocorr_lag10,trend_slope,trend_r_squared,trend_p_value
act_accx | NoCondition,act,accx,500,434,66,86.8,4,'2022-10-10 08:59:24','2022-10-26 20:03:23',12126323,1.984375,-2.0,3.984375,-0.20590603804632288,-0.328125,0.31360009044259,0.5600000807523067,0.9318464478852548,0.8432059922649279,0.8111945678601775,-5.70015190437267e-07,0.09597232652431364,0.010870359200196768
act_accx | Sessions(0-100),act,accx,500,424,76,84.8,6,'2022-10-10 07:58:52','2023-03-22 21:17:37',11787895,1.984375,-2.0,3.984375,-0.3348870188973519,-0.5,0.3227292688844415,0.5680926587137362,0.9252705125853449,0.8132651251886144,0.7734439681154602,-1.9675085514776393e-06,0.0911140451461764,0.021294582773281594
act_accx | Sessions(100-200),act,accx,500,352,148,70.39999999999999,5,'2022-10-10 07:28:31','2022-11-25 13:53:25',9750622,1.984375,-2.0,3.984375,-0.49327208145029106,-0.5625,0.17754541407573352,0.4213613818039493,0.9446523876887866,0.8504246328766705,0.809328837075808,-1.982103326557534e-06,0.10529461741219827,0.020807597974989184
act_accx | Sessions(200-300),act,accx,500,434,66,86.8,4,'2022-10-10 08:59:24','2022-10-26 20:03:23',12126323,1.984375,-2.0,3.984375,-0.20590603804632288,-0.328125,0.31360009044259,0.5600000807523067,0.9318464478852548,0.8432059922649279,0.8111945678601775,-5.70015190437267e-07,0.09597232652431364,0.010870359200196768
act_accx | Sessions(300-400),act,accx,500,446,54,89.2,4,'2022-10-10 06:27:14','2022-10-26 19:52:19',12461922,1.984375,-2.0,3.984375,-0.5351908159210914,-0.5625,0.12404338568174304,0.35219793537404936,0.9375189173642705,0.8138479081448471,0.7533601022350025,-3.6006882387532595e-07,0.06914015974792803,0.014918897705676346
act_accx | Sessions(400-500),act,accx,500,471,29,94.19999999999999,3,'2022-10-10 08:07:37','2022-10-26 19:02:14',13293548,1.984375,-2.0,3.984375,-0.5933468062852746,-0.71875,0.17411894380448906,0.417275620908398,0.9245282465016897,0.8171748930958002,0.7811509755375906,-1.7568671286133415e-06,0.10202657252146255,0.015419964915001928
act_accx | Sessions(500-600),act,accx,500,451,49,90.2,2,'2022-10-10 09:03:23','2022-10-26 19:52:00',12605912,1.984375,-2.0,3.984375,-0.603710089807465,-0.65625,0.09953648252734203,0.3154940293053769,0.8779876788507929,0.7283602230538031,0.6669288194734851,9.612629819926823e-08,0.06929409788719637,0.021725419152320367
act_accy | NoCondition,act,accy,500,434,66,86.8,4,'2022-10-10 08:59:24','2022-10-26 20:03:23',12126323,1.984375,-2.0,3.984375,0.030109391208283005,0.0,0.3211785038414041,0.5667261277207926,0.9761779875362105,0.9315080144364799,0.9089884117644758,7.636525301927767e-07,0.12773292413096907,0.01057736517755245
act_accy | Sessions(0-100),act,accy,500,424,76,84.8,6,'2022-10-10 07:58:52','2023-03-22 21:17:37',11787895,1.984375,-2.0,3.984375,-0.04381454582221847,-0.078125,0.30526977939759137,0.5525122436630625,0.9726819523410453,0.9230635201086548,0.9011008721797361,-4.7697028986610255e-08,0.12393299490078923,0.009633179207712608
act_accy | Sessions(100-200),act,accy,500,352,148,70.39999999999999,5,'2022-10-10 07:28:31','2022-11-25 13:53:25',9750622,1.984375,-2.0,3.984375,-0.023155580485019315,-0.0625,0.31527514340378315,0.5614936717397474,0.983396991461012,0.938484871266735,0.9130412170794409,3.3641280386132785e-06,0.14158080097286427,0.002613560475840342
act_accy | Sessions(200-300),act,accy,500,434,66,86.8,4,'2022-10-10 08:59:24','2022-10-26 20:03:23',12126323,1.984375,-2.0,3.984375,0.030109391208283005,0.0,0.3211785038414041,0.5667261277207926,0.9761779875362105,0.9315080144364799,0.9089884117644758,7.636525301927767e-07,0.12773292413096907,0.01057736517755245
act_accy | Sessions(300-400),act,accy,500,446,54,89.2,4,'2022-10-10 06:27:14','2022-10-26 19:52:19',12461922,1.984375,-2.0,3.984375,0.04906144292991081,-0.015625,0.39481288594502006,0.6283413769162588,0.9808412282903174,0.9240252347624343,0.8947851930667051,4.7142384295428096e-07,0.11363399695975437,0.008462815981449143
act_accy | Sessions(400-500),act,accy,500,471,29,94.19999999999999,3,'2022-10-10 08:07:37','2022-10-26 19:02:14',13293548,1.984375,-2.0,3.984375,0.027721689452281664,-0.03125,0.28297241480017665,0.5319515154599869,0.9741121139591193,0.9199568261472382,0.8955886742170546,2.0709131035594663e-06,0.14183195674438276,0.00563650823281779
act_accy | Sessions(500-600),act,accy,500,451,49,90.2,2,'2022-10-10 09:03:23','2022-10-26 19:52:00',12605912,1.984375,-2.0,3.984375,-0.21654957535995809,-0.296875,0.2832153113713391,0.5321797735458753,0.949928431773692,0.8816416711976066,0.8451936101914025,-1.1516952474571089e-06,0.08394350502239192,0.020747516685552813
act_accz | NoCondition,act,accz,500,434,66,86.8,4,'2022-10-10 08:59:24','2022-10-26 20:03:23',12126323,1.984375,-2.0,3.984375,0.3085822702603254,0.34375,0.24519352653753215,0.49517019956529307,0.9637745180428188,0.9078604533822492,0.8806434518336927,-2.4605394390399812e-06,0.10806079787511047,0.012839296823351947
act_accz | Sessions(0-100),act,accz,500,424,76,84.8,6,'2022-10-10 07:58:52','2023-03-22 21:17:37',11787895,1.984375,-2.0,3.984375,0.2960755411059396,0.34375,0.23310789196314927,0.4828124811592481,0.9406343829748016,0.8697907191061196,0.8327126938702735,-1.712166449024003e-06,0.10304642582502614,0.029702671403574084
act_accz | Sessions(100-200),act,accz,500,352,148,70.39999999999999,5,'2022-10-10 07:28:31','2022-11-25 13:53:25',9750622,1.984375,-2.0,3.984375,0.27304324149782444,0.28125,0.2853420158799957,0.5341741437770979,0.9572630177522877,0.9016699550737196,0.864706972377501,-3.757612681299311e-06,0.13615760736294555,0.026823174105706213
act_accz | Sessions(200-300),act,accz,500,434,66,86.8,4,'2022-10-10 08:59:24','2022-10-26 20:03:23',12126323,1.984375,-2.0,3.984375,0.3085822702603254,0.34375,0.24519352653753215,0.49517019956529307,0.9637745180428188,0.9078604533822492,0.8806434518336927,-2.4605394390399812e-06,0.10806079787511047,0.012839296823351947
act_accz | Sessions(300-400),act,accz,500,446,54,89.2,4,'2022-10-10 06:27:14','2022-10-26 19:52:19',12461922,1.984375,-2.0,3.984375,0.19023631672746788,0.1875,0.2225328122684742,0.4717338362556519,0.9681291257364917,0.8907430852102253,0.8498606791603309,-1.2771749972356345e-06,0.1014025060062125,0.012888830268353574
act_accz | Sessions(400-500),act,accz,500,471,29,94.19999999999999,3,'2022-10-10 08:07:37','2022-10-26 19:02:14',13293548,1.984375,-2.0,3.984375,0.6106975671111279,0.40625,0.8090155465129089,0.8994529151172443,0.7213303234781558,0.66660266586323,0.6476262172165563,-3.206917910243489e-06,0.0864574827364273,0.25464112087668056
act_accz | Sessions(500-600),act,accz,500,451,49,90.2,2,'2022-10-10 09:03:23','2022-10-26 19:52:00',12605912,1.984375,-2.0,3.984375,0.257578872020525,0.328125,0.22507033310404342,0.47441578083369385,0.9433474976199419,0.8704607535143055,0.824697886967208,-2.398035883042864e-06,0.091046364270007,0.014748995072505034
act_VI | NoCondition,act,VI,500,434,66,86.8,4,'2022-10-10 08:59:24','2022-10-26 20:03:23',12126323,14.044060869014814,6.737485198414834e-11,14.044060868947438,0.040702092535101694,0.0005217232279392276,0.023091123675325658,0.15195763776568014,0.8813773338010894,0.5603856835062924,0.45935404830026144,-1.6889469323980218e-07,0.018916584459215978,0.035057037269798905
act_VI | Sessions(0-100),act,VI,500,424,76,84.8,6,'2022-10-10 07:58:52','2023-03-22 21:17:37',11787895,12.865465114629544,7.910866902953039e-11,12.865465114550435,0.049877217600591134,0.0013578147221784572,0.03039952486267339,0.17435459518657198,0.8870234901553399,0.5530176987005905,0.45510325919146405,-1.4912854621701257e-07,0.019869656677355435,0.032627187876262356
act_VI | Sessions(100-200),act,VI,500,352,148,70.39999999999999,5,'2022-10-10 07:28:31','2022-11-25 13:53:25',9750622,14.075900278245008,1.213404801197698e-10,14.075900278123667,0.040707185060819176,0.000597125952642577,0.024381999528613987,0.15614736478280378,0.8948776011744535,0.5691061757480808,0.46265644177032994,-2.4429379313555827e-07,0.01965828443020631,0.03690101121042371
act_VI | Sessions(200-300),act,VI,500,434,66,86.8,4,'2022-10-10 08:59:24','2022-10-26 20:03:23',12126323,14.044060869014814,6.737485198414834e-11,14.044060868947438,0.040702092535101694,0.0005217232279392276,0.023091123675325658,0.15195763776568014,0.8813773338010894,0.5603856835062924,0.45935404830026144,-1.6889469323980218e-07,0.018916584459215978,0.035057037269798905
act_VI | Sessions(300-400),act,VI,500,446,54,89.2,4,'2022-10-10 06:27:14','2022-10-26 19:52:19',12461922,14.31053464638815,1.7887107172005046e-10,14.31053464620928,0.06110536186787293,0.003246457044653492,0.03218273809141416,0.1793954795735226,0.8884312747438212,0.5354671421376768,0.4380287539686401,-6.971764375881121e-07,0.018989604441064938,0.03469153565713276
act_VI | Sessions(400-500),act,VI,500,471,29,94.19999999999999,3,'2022-10-10 08:07:37','2022-10-26 19:02:14',13293548,15.319412976595173,1.194308366679063e-11,15.31941297658323,0.043007283549945055,0.0013303479888404851,0.027556451654643835,0.16600136039997937,0.858069539413226,0.5182605723754916,0.4251992538214995,-8.844845417101688e-08,0.01784786184054113,0.022140448052467086
act_VI | Sessions(500-600),act,VI,500,451,49,90.2,2,'2022-10-10 09:03:23','2022-10-26 19:52:00',12605912,13.930620812935366,1.6512648134762835e-09,13.930620811284102,0.05498061541088254,0.0015864266035709278,0.034074696124463864,0.18459332632699338,0.8761610210751815,0.53152250271828,0.4417423151330004,1.223728766710635e-07,0.020465822202621366,0.03041929605469634
act_gmx | NoCondition,act,gmx,500,434,66,86.8,4,'2022-10-10 08:59:24','2022-10-26 20:03:23',12126323,1.1609539782558507,-1.1605465740836667,2.3215005523395176,-0.20590720479052438,-0.3385087601643118,0.29580938931915707,0.5438836174395741,0.9999393089473743,0.9984859779591364,0.9939841383466417,-5.7636556809986e-07,0.11543017755431896,0.008817196830390178
act_gmx | Sessions(0-100),act,gmx,500,424,76,84.8,6,'2022-10-10 07:58:52','2023-03-22 21:17:37',11787895,1.110370202152174,-1.1821319786260371,2.292502180778211,-0.3348906307477648,-0.5167952650698127,0.3001416125996152,0.547851816278467,0.9999309146945264,0.9982775222257302,0.9931592394761148,-1.976463719604539e-06,0.10972289476587291,0.016443644076294627
act_gmx | Sessions(100-200),act,gmx,500,352,148,70.39999999999999,5,'2022-10-10 07:28:31','2022-11-25 13:53:25',9750622,1.1164645009803777,-1.7619565735272802,2.878421074507658,-0.49326928797907205,-0.5578367947568783,0.15957780299656615,0.39947190514048186,0.9999324180377273,0.9983131706337768,0.9932939843279733,-1.990845214401671e-06,0.1253286585390467,0.019037801814056437
act_gmx | Sessions(200-300),act,gmx,500,434,66,86.8,4,'2022-10-10 08:59:24','2022-10-26 20:03:23',12126323,1.1609539782558507,-1.1605465740836667,2.3215005523395176,-0.20590720479052438,-0.3385087601643118,0.29580938931915707,0.5438836174395741,0.9999393089473743,0.9984859779591364,0.9939841383466417,-5.7636556809986e-07,0.11543017755431896,0.008817196830390178
act_gmx | Sessions(300-400),act,gmx,500,446,54,89.2,4,'2022-10-10 06:27:14','2022-10-26 19:52:19',12461922,1.121363938564542,-1.1702354757095157,2.2915994142740574,-0.535193630685641,-0.5634237456824294,0.0985382152576344,0.3139079725932975,0.9999228500401165,0.9980799076521777,0.9923735916344977,-3.694833167892644e-07,0.08794414635562156,0.013565460935588297
act_gmx | Sessions(400-500),act,gmx,500,471,29,94.19999999999999,3,'2022-10-10 08:07:37','2022-10-26 19:02:14',13293548,1.1383129138783492,-1.2533179202666456,2.391630834144995,-0.5933475276415751,-0.7087412325676707,0.1534358131166152,0.3917088371694149,0.999932889809907,0.998348103638777,0.9934474266129383,-1.7594527516765926e-06,0.1239299815613616,0.013102453258257925
act_gmx | Sessions(500-600),act,gmx,500,451,49,90.2,2,'2022-10-10 09:03:23','2022-10-26 19:52:00',12605912,1.0792899772256406,-1.2954876054778683,2.374777582703509,-0.6037147519062168,-0.65899297954733,0.07593292652814969,0.27555929766231746,0.9999138028708369,0.9978498418538924,0.9914589382041795,9.36440915913049e-08,0.09545014077381257,0.010818789707533456
act_gmy | NoCondition,act,gmy,500,434,66,86.8,4,'2022-10-10 08:59:24','2022-10-26 20:03:23',12126323,1.6119847538698795,-1.4004888171081746,3.012473570978054,0.03010729242798025,-0.00209853275958579,0.30357356589996304,0.550975104609966,0.9999551471407894,0.9988900678343915,0.9955915304253012,7.61415009825838e-07,0.14019311214658842,0.009740033581312259
act_gmy | Sessions(0-100),act,gmy,500,424,76,84.8,6,'2022-10-10 07:58:52','2023-03-22 21:17:37',11787895,1.6220838466829777,-2.12371624476471,3.7458000914476877,-0.04381693090687909,-0.07240507110130305,0.284857499408907,0.5337204318825606,0.9999498886846788,0.9987379940471276,0.9949103110393744,-7.46757046931959e-08,0.1359426212081025,0.00711538237750697
act_gmy | Sessions(100-200),act,gmy,500,352,148,70.39999999999999,5,'2022-10-10 07:28:31','2022-11-25 13:53:25',9750622,1.59519631267838,-1.1909403435591246,2.7861366562375043,-0.023158404218532953,-0.06016061955064819,0.297679410435408,0.54560004622013,0.9999493443739468,0.9987365528440251,0.994981199444394,3.383938568606575e-06,0.15473433096824565,0.0022267280900390447
act_gmy | Sessions(200-300),act,gmy,500,434,66,86.8,4,'2022-10-10 08:59:24','2022-10-26 20:03:23',12126323,1.6119847538698795,-1.4004888171081746,3.012473570978054,0.03010729242798025,-0.00209853275958579,0.30357356589996304,0.550975104609966,0.9999551471407894,0.9988900678343915,0.9955915304253012,7.61415009825838e-07,0.14019311214658842,0.009740033581312259
act_gmy | Sessions(300-400),act,gmy,500,446,54,89.2,4,'2022-10-10 06:27:14','2022-10-26 19:52:19',12461922,1.7052127512463588,-1.7899333750516304,3.495146126297989,0.049061222362149486,-0.008180261105747561,0.3679718162891072,0.6066068053435497,0.9999446966293867,0.9986252094014987,0.9945357891959633,4.4406306933386543e-07,0.12660221933992818,0.007774539213016469
act_gmy | Sessions(400-500),act,gmy,500,471,29,94.19999999999999,3,'2022-10-10 08:07:37','2022-10-26 19:02:14',13293548,1.581069771614198,-1.1727041972341845,2.7537739688483827,0.02772259896025369,-0.024528753818288555,0.2634792898797018,0.5133023376916394,0.9999502595715978,0.9987624125152867,0.9950815401390697,2.067100029983535e-06,0.15656161302544397,0.004927998923597365
act_gmy | Sessions(500-600),act,gmy,500,451,49,90.2,2,'2022-10-10 09:03:23','2022-10-26 19:52:00',12605912,1.50543667757243,-1.446412514302736,2.9518491918751657,-0.21654874286335188,-0.29832840127209115,0.2599395343507961,0.5098426564645175,0.999931655675439,0.9982950170145471,0.9932250817916137,-1.1582132642688343e-06,0.09615881063824594,0.014926254169533913
act_gmz | NoCondition,act,gmz,500,434,66,86.8,4,'2022-10-10 08:59:24','2022-10-26 20:03:23',12126323,1.5238703748098092,-1.1396098854725318,2.6634802602823413,0.30858591009325453,0.3336166191293866,0.22644751606628558,0.4758650187461625,0.9999464129931036,0.9986637885060666,0.994690864684092,-2.4577431296006817e-06,0.1241411195694785,0.009385320650910885
act_gmz | Sessions(0-100),act,gmz,500,424,76,84.8,6,'2022-10-10 07:58:52','2023-03-22 21:17:37',11787895,1.9843749996649653,-1.1683899430231925,3.152764942688158,0.2960810239182135,0.32650852894836396,0.21030167998264368,0.45858661121171396,0.999926169636789,0.9981513372109334,0.9926122015282169,-1.713881094934335e-06,0.12008466589690253,0.013163878181645694
act_gmz | Sessions(100-200),act,gmz,500,352,148,70.39999999999999,5,'2022-10-10 07:28:31','2022-11-25 13:53:25',9750622,1.9843749996590883,-1.1601956162154,3.144570615874488,0.27304301301749295,0.273781137584145,0.26791427809958773,0.5176043644518347,0.9999358014421001,0.9983956821441243,0.9936172480003548,-3.7727096066083935e-06,0.15122840633639176,0.01282101674003948
act_gmz | Sessions(200-300),act,gmz,500,434,66,86.8,4,'2022-10-10 08:59:24','2022-10-26 20:03:23',12126323,1.5238703748098092,-1.1396098854725318,2.6634802602823413,0.30858591009325453,0.3336166191293866,0.22644751606628558,0.4758650187461625,0.9999464129931036,0.9986637885060666,0.994690864684092,-2.4577431296006817e-06,0.1241411195694785,0.009385320650910885
act_gmz | Sessions(300-400),act,gmz,500,446,54,89.2,4,'2022-10-10 06:27:14','2022-10-26 19:52:19',12461922,1.2052551666663396,-1.1581387957807674,2.363393962447107,0.19023322999862857,0.17057789920487326,0.19636747136333857,0.44313369468292363,0.9999333227526368,0.9983374703068829,0.9933949626580806,-1.3260507472511976e-06,0.11760455951708512,0.011934331205221567
act_gmz | Sessions(400-500),act,gmz,500,471,29,94.19999999999999,3,'2022-10-10 08:07:37','2022-10-26 19:02:14',13293548,2.1491170865287574,-1.221131323913386,3.3702484104421435,0.6106981784609565,0.3829892126093807,0.7920722166504959,0.8899843912398104,0.9998330545617821,0.9958488786653518,0.9836224690135796,-3.20168401663967e-06,0.09794972840092639,0.035147661889261876
act_gmz | Sessions(500-600),act,gmz,500,451,49,90.2,2,'2022-10-10 09:03:23','2022-10-26 19:52:00',12605912,1.2152539076411906,-1.1201312722473469,2.3353851798885374,0.2575768299205979,0.3114565023869934,0.19902572872533425,0.4461229973060504,0.9999346194131171,0.9983689294504599,0.9935192074386107,-2.409250971565638e-06,0.10955588777083723,0.008927054705859453
act_bmx | NoCondition,act,bmx,500,434,66,86.8,4,'2022-10-10 08:59:24','2022-10-26 20:03:23',12126323,2.8095391558460032,-2.6762735570573524,5.485812712903355,0.00012055298180854169,1.451845165559065e-27,0.01299982515543348,0.11401677576318969,0.8486197308785416,0.3147148169881517,0.09392361925243425,5.3859037525861936e-09,0.00016077809714584889,0.7476435857280477
act_bmx | Sessions(0-100),act,bmx,500,424,76,84.8,6,'2022-10-10 07:58:52','2023-03-22 21:17:37',11787895,2.75137983134059,-2.587073321664682,5.338453153005272,0.00023974804856765253,1.5634723826707386e-07,0.016891639108499924,0.12996783874674506,0.8608031586264784,0.3121794644838735,0.08748608681414077,3.8274820589105494e-10,3.3125576738782504e-05,0.7549972563643911
act_bmx | Sessions(100-200),act,bmx,500,352,148,70.39999999999999,5,'2022-10-10 07:28:31','2022-11-25 13:53:25',9750622,2.8310059615228225,-2.0634832862440424,4.894489247766865,0.0003063206055450326,1.6427717834985345e-09,0.0136851025079403,0.11698334286529985,0.8600165372534033,0.3523463947245132,0.1050440416781612,4.766792826492697e-08,4.253472617411435e-05,0.7231020933730207
act_bmx | Sessions(200-300),act,bmx,500,434,66,86.8,4,'2022-10-10 08:59:24','2022-10-26 20:03:23',12126323,2.8095391558460032,-2.6762735570573524,5.485812712903355,0.00012055298180854169,1.451845165559065e-27,0.01299982515543348,0.11401677576318969,0.8486197308785416,0.3147148169881517,0.09392361925243425,5.3859037525861936e-09,0.00016077809714584889,0.7476435857280477
act_bmx | Sessions(300-400),act,bmx,500,446,54,89.2,4,'2022-10-10 06:27:14','2022-10-26 19:52:19',12461922,2.86719953662881,-2.4589586792096414,5.3261582158384515,0.00037102752755041656,7.588829368160299e-05,0.0198955770582139,0.1410516822239774,0.8748600423227759,0.3231564495150507,0.05538777667324934,2.662520384575116e-09,1.2202395690058535e-05,0.7707698480196319
act_bmx | Sessions(400-500),act,bmx,500,471,29,94.19999999999999,3,'2022-10-10 08:07:37','2022-10-26 19:02:14',13293548,2.9146847230451005,-2.4415476067582427,5.356232329803343,0.0003104824963598075,1.2180604344957414e-05,0.015271829587801483,0.123579244162608,0.8392930696891623,0.2569071236390789,0.06293467855085753,-1.595578347615508e-10,5.7105279139727754e-05,0.756649400529954
act_bmx | Sessions(500-600),act,bmx,500,451,49,90.2,2,'2022-10-10 09:03:23','2022-10-26 19:52:00',12605912,2.7906443666536234,-2.248621292339441,5.039265658993065,0.0006513949513928909,-3.1197631283896854e-12,0.017559562251996702,0.13251249847465973,0.8421346227100005,0.26216937350447816,0.02572010516295233,5.627932540163354e-09,4.221539962665221e-05,0.7124502593640738
act_bmy | NoCondition,act,bmy,500,434,66,86.8,4,'2022-10-10 08:59:24','2022-10-26 20:03:23',12126323,2.5102574892123357,-2.6692270470483366,5.179484536260672,-0.00020116866842505063,-5.452616136381039e-11,0.013601808395676393,0.11662679107167612,0.9103031549348451,0.43336297041005906,0.16272001313467915,3.1456144431805084e-09,0.00014487604317302557,0.7655179913221769
act_bmy | Sessions(0-100),act,bmy,500,424,76,84.8,6,'2022-10-10 07:58:52','2023-03-22 21:17:37',11787895,2.376671170374206,-2.4089770770606456,4.785648247434851,-0.00019611797916652715,-2.872324373126567e-06,0.01566757416162345,0.1251701808004744,0.9092335839036372,0.4071628453257756,0.14621332779924612,1.80489715812534e-08,1.653369232067209e-05,0.7691954464820603
act_bmy | Sessions(100-200),act,bmy,500,352,148,70.39999999999999,5,'2022-10-10 07:28:31','2022-11-25 13:53:25',9750622,2.1509594954327294,-2.3125592440938405,4.46351873952657,-0.0003181180651941211,-1.6115190363246573e-06,0.013655279125954975,0.11685580484492405,0.9129269899668838,0.45543602021858653,0.19474225519718963,-2.76051597080603e-08,3.711725789644093e-05,0.7152294842982087
act_bmy | Sessions(200-300),act,bmy,500,434,66,86.8,4,'2022-10-10 08:59:24','2022-10-26 20:03:23',12126323,2.5102574892123357,-2.6692270470483366,5.179484536260672,-0.00020116866842505063,-5.452616136381039e-11,0.013601808395676393,0.11662679107167612,0.9103031549348451,0.43336297041005906,0.16272001313467915,3.1456144431805084e-09,0.00014487604317302557,0.7655179913221769
act_bmy | Sessions(300-400),act,bmy,500,446,54,89.2,4,'2022-10-10 06:27:14','2022-10-26 19:52:19',12461922,2.3637735978056065,-2.7470008875244862,5.110774485330093,-0.0003570899644141646,-2.8673099332618412e-05,0.020989162542481298,0.14487636985540914,0.9144239092909802,0.41794358151433797,0.14628961038589303,4.124432001226049e-08,1.2554817671789483e-05,0.7823437692614453
act_bmy | Sessions(400-500),act,bmy,500,471,29,94.19999999999999,3,'2022-10-10 08:07:37','2022-10-26 19:02:14',13293548,2.509870968270639,-2.5459965292900617,5.055867497560701,-0.000370344942366832,2.1061852262249658e-10,0.015049982914376177,0.12267837182802915,0.8982302649981925,0.36397132284192735,0.12176772420364089,5.304005982367952e-10,2.6050704312858343e-05,0.7334092248678481
act_bmy | Sessions(500-600),act,bmy,500,451,49,90.2,2,'2022-10-10 09:03:23','2022-10-26 19:52:00',12605912,2.42020419094652,-2.651242293079094,5.071446484025614,-9.282997187706868e-06,-2.0411528023345227e-10,0.01752877848716025,0.13239629332862854,0.9057986043033597,0.39535225640885824,0.12537099659979312,4.085549687873527e-09,6.761430179712701e-05,0.7647766086523096
act_bmz | NoCondition,act,bmz,500,434,66,86.8,4,'2022-10-10 08:59:24','2022-10-26 20:03:23',12126323,2.4100736582607913,-2.7229096186421557,5.132983276902947,-0.0001280917052179982,-1.5680906018111784e-08,0.014100606075773972,0.1187459728823423,0.8883657915101866,0.42520895336464704,0.17408411147422154,-8.852074770414704e-09,0.00011247280160812023,0.7625924469039859
act_bmz | Sessions(0-100),act,bmz,500,424,76,84.8,6,'2022-10-10 07:58:52','2023-03-22 21:17:37',11787895,2.511280486906873,-2.6748493910618842,5.1861298779687575,-0.00022988329022515192,4.899070038533182e-11,0.017318354674031602,0.13159921988382606,0.8962173215384808,0.43534302340067377,0.17740461463467463,-2.8496534884418403e-09,9.00272420050772e-05,0.7651357915339408
act_bmz | Sessions(100-200),act,bmz,500,352,148,70.39999999999999,5,'2022-10-10 07:28:31','2022-11-25 13:53:25',9750622,2.5446692280465646,-2.699086911913686,5.243756139960251,-0.0001890754769805473,3.9354164371729894e-10,0.013366947491759549,0.11561551579160796,0.8951148641096015,0.4601879629927168,0.18423711983158694,1.0301221336591056e-08,7.945406053846003e-05,0.7756648435149175
act_bmz | Sessions(200-300),act,bmz,500,434,66,86.8,4,'2022-10-10 08:59:24','2022-10-26 20:03:23',12126323,2.4100736582607913,-2.7229096186421557,5.132983276902947,-0.0001280917052179982,-1.5680906018111784e-08,0.014100606075773972,0.1187459728823423,0.8883657915101866,0.42520895336464704,0.17408411147422154,-8.852074770414704e-09,0.00011247280160812023,0.7625924469039859
act_bmz | Sessions(300-400),act,bmz,500,446,54,89.2,4,'2022-10-10 06:27:14','2022-10-26 19:52:19',12461922,2.430199273333872,-2.693306628506863,5.123505901840735,-0.00021980771596525708,-2.2996420345834094e-08,0.020220682594342374,0.14219944653317879,0.8978089037580133,0.4160121036918023,0.14830913205192497,4.6430520152597816e-08,1.5208940201082946e-05,0.811314553434882
act_bmz | Sessions(400-500),act,bmz,500,471,29,94.19999999999999,3,'2022-10-10 08:07:37','2022-10-26 19:02:14',13293548,2.7409788281099017,-2.5961842537816953,5.337163081891597,-0.00017228171348979964,3.976077245226861e-10,0.012685529393396299,0.11263005546210256,0.9001602491163111,0.5134911228181067,0.3425930800554188,-7.086576739471809e-09,0.0005204083787913025,0.5991222093127196
act_bmz | Sessions(500-600),act,bmz,500,451,49,90.2,2,'2022-10-10 09:03:23','2022-10-26 19:52:00',12605912,2.5449821524059004,-2.8166638337518366,5.361645986157737,-0.0002723803908397555,8.567091480671252e-12,0.019892474994541633,0.14104068560008362,0.8870498194043895,0.4135109609239154,0.1149501628441406,1.4065722056655255e-08,0.00024055485157921684,0.7769861321178775
eda | NoCondition,eda,,500,435,65,87.0,4,'2022-10-10 08:59:24','2022-10-26 20:03:23',1519028,33.776863,0.0,33.776863,2.032007681383096,0.813912,9.419266887717733,3.0690824178763485,0.9686207733962076,0.895574301183298,0.8463971295376651,0.00010193204849790808,0.30882584915950057,0.020395079624231177
eda | Sessions(0-100),eda,,500,424,76,84.8,6,'2022-10-10 07:58:52','2023-03-22 21:17:37',1473189,206.387268,0.0,206.387268,0.7769112901453923,0.308912,2.4376143528588132,1.561286121394414,0.9589809696264138,0.8732933575655158,0.8188898644745966,8.460584166150482e-06,0.2634719485914569,0.01582047058088853
eda | Sessions(100-200),eda,,500,352,148,70.39999999999999,5,'2022-10-10 07:28:31','2022-11-25 13:53:25',1218618,23.657742,0.0,23.657742,1.2093169054445272,0.390555,3.927264105692811,1.9817326019654646,0.9539177883604588,0.8519503298075567,0.7977192061571453,2.5678929645180475e-05,0.2990316896130334,0.008812067061118119
eda | Sessions(200-300),eda,,500,435,65,87.0,4,'2022-10-10 08:59:24','2022-10-26 20:03:23',1519028,33.776863,0.0,33.776863,2.032007681383096,0.813912,9.419266887717733,3.0690824178763485,0.9686207733962076,0.895574301183298,0.8463971295376651,0.00010193204849790808,0.30882584915950057,0.020395079624231177
eda | Sessions(300-400),eda,,500,446,54,89.2,4,'2022-10-10 06:27:14','2022-10-26 19:52:19',1557338,71.153404,0.0,71.153404,1.7563056287344176,0.371519,30.932277497369782,5.561679377433562,0.944524988121434,0.8526341102094941,0.800582101497268,7.079814004937244e-05,0.2595356924989043,0.017183377672727245
eda | Sessions(400-500),eda,,500,471,29,94.19999999999999,3,'2022-10-10 08:07:37','2022-10-26 19:02:14',1661294,20.468306,0.0,20.468306,1.4483430530393777,0.635838,3.6392315799778743,1.907677011440321,0.9736513057534619,0.9067658108701697,0.8658122557727637,1.0025803035021273e-05,0.33787428780534,0.011656964271511966
eda | Sessions(500-600),eda,,500,451,49,90.2,2,'2022-10-10 09:03:23','2022-10-26 19:52:00',1575738,32.895218,0.0,32.895218,1.6102772466101598,0.38837,7.815480872401039,2.7956181556859727,0.951521186436775,0.8617815278262696,0.8156616413651195,5.802612064880694e-05,0.2727872465954623,0.029350714450413595
rri | NoCondition,rri,,500,435,65,87.0,4,'2022-10-10 08:59:24','2022-10-26 20:03:23',1503015,1.6634358772184223,0.004101207073545894,1.6593346701448763,0.7969920854429468,0.7907966021698402,0.028321515100224005,0.1682899732611067,0.9979441534692198,0.9591055627708637,0.8883013409353678,-1.3612696240942328e-06,0.1697243693869753,0.03568033768227234
rri | Sessions(0-100),rri,,500,424,76,84.8,6,'2022-10-10 07:58:52','2023-03-22 21:17:37',1457961,1.8710711527997945,0.013937158804974733,1.8571339939948197,0.7485828625187905,0.7502497195307661,0.01966021459754132,0.140214887217946,0.9974793307934854,0.9527011119409278,0.8986420634589971,-1.2970371044650748e-06,0.23413956977301856,0.03095818849298769
rri | Sessions(100-200),rri,,500,352,148,70.39999999999999,5,'2022-10-10 07:28:31','2022-11-25 13:53:25',1209136,1.3990279411604465,0.0029215580413852033,1.3961063831190612,0.7487510311777211,0.7558266904337194,0.017706272340028938,0.1330649177658369,0.9969293190109774,0.9421289646589418,0.860662815297749,3.2219770825119542e-06,0.1736135323016592,0.035728790602075705
rri | Sessions(200-300),rri,,500,435,65,87.0,4,'2022-10-10 08:59:24','2022-10-26 20:03:23',1503015,1.6634358772184223,0.004101207073545894,1.6593346701448763,0.7969920854429468,0.7907966021698402,0.028321515100224005,0.1682899732611067,0.9979441534692198,0.9591055627708637,0.8883013409353678,-1.3612696240942328e-06,0.1697243693869753,0.03568033768227234
rri | Sessions(300-400),rri,,500,446,54,89.2,4,'2022-10-10 06:27:14','2022-10-26 19:52:19',1531397,1.5724003322143147,0.0003388316392567036,1.572061500575058,0.805260175738348,0.8169051593251372,0.022887085718171295,0.15128478349844474,0.9992846009634107,0.9837022153610808,0.9464257645904731,-7.0701755828651885e-06,0.244072902795207,0.0269823453733956
rri | Sessions(400-500),rri,,500,471,29,94.19999999999999,3,'2022-10-10 08:07:37','2022-10-26 19:02:14',1651620,1.5366795586232027,0.011172096631141519,1.5255074619920612,0.7551027177390429,0.7415345414995425,0.027101012128523814,0.1646238504243046,0.9988586840659822,0.9738765382309384,0.9208981760200097,-3.3569689437791508e-06,0.22122593582756525,0.021331609849677576
rri | Sessions(500-600),rri,,500,451,49,90.2,2,'2022-10-10 09:03:23','2022-10-26 19:52:00',1567798,1.5965207949807956,0.0003546212870800045,1.5961661736937156,0.7268100998989436,0.7473756297508141,0.027174794832301275,0.16484779292517468,0.9986008013604011,0.9705691994574492,0.9117993391514645,-1.1755157590305146e-05,0.15654898351414348,0.030527070768693338
temp | NoCondition,temp,,500,435,65,87.0,4,'2022-10-10 08:59:24','2022-10-26 20:03:23',1518674,38.31,22.35,15.96,34.27962481085475,34.41,2.6058021378656484,1.6142497136024676,0.9973547152142523,0.9883153619154181,0.9816462395535887,-2.44236088568339e-05,0.4943733883630385,0.01949098207598686
temp | Sessions(0-100),temp,,500,424,76,84.8,6,'2022-10-10 07:58:52','2023-03-22 21:17:37',1472887,608.93,14.89,594.04,33.69587910002602,34.18,6.993692184195463,2.644558977257921,0.9963920562598342,0.985571751562354,0.97506219952348,-2.6425274966979628e-05,0.44782653769280945,0.007932813270419763
temp | Sessions(100-200),temp,,500,352,148,70.39999999999999,5,'2022-10-10 07:28:31','2022-11-25 13:53:25',1217454,38.07,13.57,24.5,34.03615701291383,34.39,7.239093079960345,2.690556277047619,0.9940655750008666,0.975069120923585,0.9697402954279226,-1.0915227971394346e-05,0.4744648487814803,0.008875211265892179
temp | Sessions(200-300),temp,,500,435,65,87.0,4,'2022-10-10 08:59:24','2022-10-26 20:03:23',1518674,38.31,22.35,15.96,34.27962481085475,34.41,2.6058021378656484,1.6142497136024676,0.9973547152142523,0.9883153619154181,0.9816462395535887,-2.44236088568339e-05,0.4943733883630385,0.01949098207598686
temp | Sessions(300-400),temp,,500,446,54,89.2,4,'2022-10-10 06:27:14','2022-10-26 19:52:19',1557248,39.66,20.89,18.769999999999996,33.38290496439872,33.91,5.271748716304209,2.29602890145229,0.9962192216225527,0.9827503009423261,0.9723908704645019,-9.942770239913902e-06,0.4075596310397447,0.012555043791517758
temp | Sessions(400-500),temp,,500,471,29,94.19999999999999,3,'2022-10-10 08:07:37','2022-10-26 19:02:14',1661290,41.53,19.11,22.42,34.841865146964096,35.29,4.548804937517758,2.1327927554072756,0.9974202419634511,0.9876654761435654,0.9774611682641113,4.280943473118822e-05,0.3893881139547184,0.01501995591657177
temp | Sessions(500-600),temp,,500,451,49,90.2,2,'2022-10-10 09:03:23','2022-10-26 19:52:00',1574894,628.71,18.11,610.6,32.49130276069373,32.91,8.21973660577338,2.8670083023551536,0.9956372076008299,0.9818704267526117,0.9792466996576912,0.00018141044352783085,0.5551564973633105,0.005633276682684565
act_accx | NoCondition,act,accx,500,434,66,86.8,4,'2022-10-10 08:59:24','2022-10-26 20:03:23',12126323,1.984375,-2.0,3.984375,-0.20590603804632288,-0.328125,0.31360009044259,0.5600000807523067,0.9318464478852548,0.8432059922649279,0.8111945678601775,-5.70015190437267e-07,0.09597232652431364,0.010870359200196768
act_accx | Valence(Negative-4),act,accx,500,441,59,88.2,52,'2022-10-10 09:01:38','2023-03-20 14:26:25',12459530,1.984375,-2.0,3.984375,-0.5002367189011142,-0.609375,0.19284632469548024,0.43914271563522517,0.9268599976942155,0.8101036607791597,0.7649622673735652,6.36521178406546e-07,0.09018325344133822,0.015121422667379364
act_accx | Valence(Negative-3),act,accx,500,445,55,89.0,48,'2022-10-10 08:40:42','2022-11-30 18:08:19',12633538,1.984375,-2.0,3.984375,-0.49874429474942017,-0.59375,0.19473317349167651,0.4412858183668228,0.9301568598691488,0.8119629247804356,0.7664712836495893,-1.2240310194011508e-06,0.08897478340004615,0.012773560473826585
act_accx | Valence(Negative-2),act,accx,500,434,66,86.8,37,'2022-10-10 08:57:12','2022-10-26 18:56:54',12203930,1.984375,-2.0,3.984375,-0.5239225294638694,-0.59375,0.16694099723107306,0.40858413727294046,0.9205767636608047,0.7993822617084965,0.7567813156026524,4.1851204997455543e-07,0.07754901673866653,0.008966224901061847
act_accx | Valence(Negative-1),act,accx,500,450,50,90.0,27,'2022-10-10 07:39:37','2022-10-26 19:05:06',12530771,1.984375,-2.0,3.984375,-0.5324085280746093,-0.609375,0.15727357510679563,0.39657732550764374,0.919891354224234,0.7941075591023699,0.7466853179361805,-7.778523621470984e-07,0.07335147490358725,0.02067939016793452
act_accx | Valence(Neutral),act,accx,500,425,75,85.0,27,'2022-10-10 06:27:14','2022-10-26 19:48:26',11849142,1.984375,-2.0,3.984375,-0.4512982076571451,-0.5625,0.23748761981194216,0.4873270152699747,0.9165075040850685,0.8062629361484414,0.7647272737431344,-7.293612841709618e-07,0.07607021543486624,0.021672623160235657
act_accx | Valence(Positive1),act,accx,500,456,44,91.2,20,'2022-10-10 08:38:59','2022-10-26 20:01:17',12848905,1.984375,-2.0,3.984375,-0.4832608607990331,-0.578125,0.20492390711389316,0.45268521857234656,0.9255386878789499,0.8125339842542153,0.7707347081463916,1.1477609823616525e-06,0.09077283945970126,0.013745582235712003
act_accx | Valence(Positive2),act,accx,500,423,77,84.6,19,'2022-10-10 08:56:34','2022-10-26 22:26:23',11826765,1.984375,-2.0,3.984375,-0.3996270178806292,-0.53125,0.2654268229760233,0.5151959073750716,0.9211402802808915,0.8066295870334225,0.7676361961795891,-3.054188166768132e-06,0.08856645810953252,0.010212471530274133
act_accx | Valence(Positive3),act,accx,500,437,63,87.4,27,'2022-10-10 09:04:29','2022-10-26 20:03:23',12266932,1.984375,-2.0,3.984375,-0.4893480955547809,-0.59375,0.19764590302983556,0.4445738442934262,0.9253685705974021,0.811115336755454,0.7704208317975312,-3.3500548215637483e-07,0.10261127552088795,0.020010370363957947
act_accx | Valence(Positive4),act,accx,500,431,69,86.2,39,'2022-10-10 07:20:54','2022-11-30 17:53:33',12108432,1.984375,-2.0,3.984375,-0.4979319344362672,-0.578125,0.18716327443360833,0.4326237099762429,0.9178721984619755,0.7908924908148589,0.7534767545357354,-2.8305440631554667e-06,0.08881880972176039,0.017188129360199218
act_accx | Arousal(Low-4),act,accx,500,428,72,85.6,46,'2022-10-10 09:04:29','2022-11-30 22:39:47',12098638,1.984375,-2.0,3.984375,-0.4481123451147972,-0.578125,0.2398254101917968,0.48971972616160436,0.9206147827260157,0.8110911531673242,0.7747151664689516,-1.7423476590021513e-06,0.11149273005181912,0.018474103463771856
act_accx | Arousal(Low-3),act,accx,500,435,65,87.0,47,'2022-10-10 09:03:04','2022-10-26 22:23:29',12087193,1.984375,-2.0,3.984375,-0.3935843771275101,-0.515625,0.26272185049219265,0.5125639964845294,0.9342150707568957,0.8352618641606734,0.7962607701633971,-2.081287387359481e-06,0.12287636441840327,0.005063875485097321
act_accx | Arousal(Low-2),act,accx,500,428,72,85.6,24,'2022-10-10 09:00:43','2022-10-26 20:01:23',12001079,1.984375,-2.0,3.984375,-0.41095618881435575,-0.546875,0.26139719527748984,0.5112701783572848,0.923779491355268,0.8122585558192352,0.7735411076793788,6.014231002542644e-07,0.09644380405326507,0.019481987339295796
act_accx | Arousal(Low-1),act,accx,500,442,58,88.4,25,'2022-10-10 07:20:54','2022-10-26 19:49:57',12213118,1.984375,-2.0,3.984375,-0.5129898915350691,-0.59375,0.1732234738561363,0.416201242016571,0.919154581448411,0.8058855361491248,0.7617490204409342,-1.4550769751840078e-06,0.08034540758124421,0.0153660207011888
act_accx | Arousal(Neutral),act,accx,500,441,59,88.2,22,'2022-10-10 09:13:58','2022-10-26 20:03:23',12446295,1.984375,-2.0,3.984375,-0.5006629872082415,-0.609375,0.20066366583927123,0.4479549819337555,0.9272759447985159,0.820887443127946,0.7806899699343635,-1.666616523867734e-07,0.08269625986543724,0.012515763308009848
act_accx | Arousal(High1),act,accx,500,462,38,92.4,18,'2022-10-10 08:38:59','2022-10-26 21:08:09',13043470,1.984375,-2.0,3.984375,-0.48162163112078304,-0.578125,0.19643576332266335,0.44321074369047436,0.9265340315163967,0.8190828448635917,0.783107419849351,-5.705247920209289e-07,0.09376569648646028,0.018908680955160278
act_accx | Arousal(High2),act,accx,500,432,68,86.4,24,'2022-10-10 09:02:40','2022-10-26 22:26:23',12194254,1.984375,-2.0,3.984375,-0.49476757019125567,-0.59375,0.1926746551308002,0.4389472122371894,0.9194918830712723,0.7976303261632586,0.7558390777096157,-9.337264090821452e-07,0.07769286422627798,0.0164650228929026
act_accx | Arousal(High3),act,accx,500,455,45,91.0,41,'2022-10-10 08:56:12','2022-10-26 19:48:26',12815647,1.984375,-2.0,3.984375,-0.5306331307834088,-0.609375,0.17159979179629356,0.41424605223984157,0.8927767105220584,0.7469024849148274,0.7099676579229854,1.3787420998533881e-07,0.08619970602450693,0.016236857166998495
act_accx | Arousal(High4),act,accx,500,457,43,91.4,44,'2022-10-10 09:02:23','2022-11-30 18:52:06',13033231,1.984375,-2.0,3.984375,-0.5298185005889944,-0.609375,0.17406583024195943,0.41721197279315875,0.9012164473535269,0.7409498574142266,0.6970482894438047,2.8761465629005507e-07,0.07535619033349351,0.022904877916616568
act_accx | Time(0h-3h),act,accx,31,0,31,0.0,13,'2022-10-11 01:40:28','2023-03-21 00:30:55'
act_accx | Time(3h-6h),act,accx,11,6,5,54.54545454545454,5,'2022-10-10 05:27:00','2022-11-25 05:44:31',42176,1.984375,-2.0,3.984375,-0.5817115332179439,-0.65625,0.16194103536998128,0.40241897988288433,0.8717801989504418,0.6812291518622073,0.6026597739619391,-2.693915679729156e-05,0.032751892133654904,4.35546082908713e-11
act_accx | Time(6h-9h),act,accx,500,322,178,64.4,44,'2022-10-10 06:27:14','2022-11-30 08:57:39',7137727,1.984375,-2.0,3.984375,-0.49185081083936105,-0.59375,0.2210736442045374,0.47018469158888765,0.9172161736037974,0.7650382465313412,0.7075943616955866,-6.904670146341854e-06,0.09508555245925296,0.019637259749090592
act_accx | Time(9h-12h),act,accx,500,444,56,88.8,13,'2022-10-10 09:00:48','2022-10-26 11:41:30',11943865,1.984375,-2.0,3.984375,-0.4190874313402739,-0.53125,0.24257898929573693,0.4925230850383938,0.9295844557831209,0.8228479673946671,0.7839876243363767,-2.3520721993396407e-06,0.09273661150412883,0.0167957091627692
act_accx | Time(12h-15h),act,accx,500,461,39,92.2,17,'2022-10-10 12:13:38','2022-10-26 14:36:44',13225343,1.984375,-2.0,3.984375,-0.4422911481861,-0.546875,0.22546075474041838,0.47482707877754654,0.9274281512164949,0.8303339149632085,0.7928620539984859,-7.0774676795343e-07,0.10220535452189722,0.01161933380272546
act_accx | Time(15h-18h),act,accx,500,454,46,90.8,17,'2022-10-10 15:03:06','2022-10-26 17:39:04',13074746,1.984375,-2.0,3.984375,-0.4255667662683466,-0.546875,0.24578625853417177,0.4957683516867245,0.9297021287973384,0.8247591751584544,0.7933004520367464,-3.5891095787599804e-07,0.08352702803962608,0.013060223068384055
act_accx | Time(18h-21h),act,accx,500,434,66,86.8,18,'2022-10-10 18:03:41','2022-10-26 20:03:23',12383280,1.984375,-2.0,3.984375,-0.4439160366336706,-0.5625,0.24020434582397931,0.49010646376474093,0.9172340220417357,0.799450831544899,0.7609268493642146,-2.976890332066785e-07,0.09676658872264472,0.011879100243939626
act_accx | Time(21h-24h),act,accx,500,371,129,74.2,74,'2022-10-10 21:02:40','2023-03-22 23:38:26',10526810,1.984375,-2.0,3.984375,-0.3796127993665697,-0.515625,0.2950747564223128,0.5432078390655944,0.9266792540543077,0.8122543065753015,0.766586306084377,8.868464466610632e-07,0.11436746197142315,0.011020800878915188
act_accx | Valence(Negative-4) + Arousal(Low-4),act,accx,38,29,9,76.31578947368422,17,'2022-10-10 10:27:07','2023-03-21 19:49:47',808878,1.984375,-2.0,3.984375,-0.47540887655493164,-0.59375,0.2104982854943386,0.45880092141836265,0.9210840429505611,0.7430687719314503,0.698911237812938,-6.017678140163651e-07,0.11546014454442217,0.04899969218694483
act_accx | Valence(Negative-4) + Arousal(Low-3),act,accx,29,25,4,86.20689655172413,17,'2022-10-11 14:33:26','2023-03-20 17:51:08',694472,1.984375,-2.0,3.984375,-0.46205021584743516,-0.53125,0.1974776017624506,0.44438452016519503,0.9264579470172647,0.8392254744436413,0.794589860691191,1.2242440106629848e-05,0.10314029773529038,0.0006989084167943361
act_accx | Valence(Negative-4) + Arousal(Low-2),act,accx,28,23,5,82.14285714285714,18,'2022-10-12 20:47:05','2023-03-20 11:46:08',662377,1.984375,-2.0,3.984375,-0.30648310459904254,-0.421875,0.2924078707698272,0.5407475111083058,0.9605316398210192,0.8846217507825128,0.8505709085441783,9.900345392369351e-07,0.1199222608504873,0.0888468021773181
act_accx | Valence(Negative-4) + Arousal(Low-1),act,accx,23,18,5,78.26086956521739,14,'2022-10-10 16:57:19','2023-03-13 11:09:01',518382,1.984375,-2.0,3.984375,-0.4717660853868383,-0.59375,0.20218143525560472,0.4496458998541015,0.9421859187242183,0.8111548623216476,0.7699807494279255,5.220244693932581e-06,0.1028848559555522,5.418645003675075e-05
act_accx | Valence(Negative-4) + Arousal(Neutral),act,accx,60,56,4,93.33333333333333,23,'2022-10-11 09:00:11','2023-03-22 18:51:33',1555724,1.984375,-2.0,3.984375,-0.49448863921235386,-0.609375,0.22190882876882428,0.4710719995593288,0.9368911579932099,0.8093157085148815,0.7628800535140121,-3.7416143856924938e-06,0.08246885552435913,0.007424940177245197
act_accx | Valence(Negative-4) + Arousal(High1),act,accx,56,52,4,92.85714285714286,27,'2022-10-11 13:42:47','2023-03-16 08:00:33',1486872,1.984375,-2.0,3.984375,-0.5245946692116067,-0.609375,0.164942954260743,0.40613169571057,0.938157370931494,0.8310197997080663,0.7774132655922192,-2.947027908037066e-06,0.10915708062970864,0.004838107261968261
act_accx | Valence(Negative-4) + Arousal(High2),act,accx,86,76,10,88.37209302325581,36,'2022-10-10 09:01:38','2023-03-22 17:23:45',2169365,1.984375,-2.0,3.984375,-0.5439658609777516,-0.609375,0.17891831794418006,0.42298737326802094,0.9053980559673173,0.7641135412576038,0.7236035702063724,-9.358286445276532e-07,0.08611511142387196,0.012662310273315327
act_accx | Valence(Negative-4) + Arousal(High3),act,accx,82,72,10,87.8048780487805,33,'2022-10-11 17:02:31','2023-03-18 08:03:29',2019451,1.984375,-2.0,3.984375,-0.4483957753245808,-0.5625,0.2160656725145386,0.46482864855184924,0.9261660193850886,0.8255709045138062,0.7865079873782802,3.1180294439072407e-06,0.12077195226402344,0.010459447590211111
act_accx | Valence(Negative-4) + Arousal(High4),act,accx,205,190,15,92.6829268292683,41,'2022-10-10 11:07:57','2023-03-22 14:32:28',5398502,1.984375,-2.0,3.984375,-0.5088942873643466,-0.59375,0.17305331082738493,0.41599676780881956,0.9173265020535235,0.7723875866318158,0.7265623277931788,2.537721153875694e-07,0.07764243197438873,0.017761405436426247
act_accx | Valence(Negative-3) + Arousal(Low-4),act,accx,35,34,1,97.14285714285714,18,'2022-10-12 08:19:23','2023-03-22 17:51:11',969759,1.984375,-2.0,3.984375,-0.4049479368069799,-0.53125,0.2632918075951933,0.5131196815511887,0.9208042834622541,0.7835485527601223,0.7454656273712783,1.8862099943259032e-06,0.10744436252173872,0.0012543165046474474
act_accx | Valence(Negative-3) + Arousal(Low-3),act,accx,129,108,21,83.72093023255815,48,'2022-10-11 09:11:06','2023-03-21 11:36:57',3038201,1.984375,-2.0,3.984375,-0.41384105162067947,-0.53125,0.25208200584536794,0.5020776890535646,0.9336194462956611,0.8205574801884288,0.7786319932826873,9.78422165483137e-07,0.09032974689300446,0.017920963937015907
act_accx | Valence(Negative-3) + Arousal(Low-2),act,accx,165,133,32,80.60606060606061,59,'2022-10-10 15:02:07','2023-03-21 23:54:46',3764017,1.984375,-2.0,3.984375,-0.38927786457925134,-0.5,0.25935032031454486,0.5092644895479606,0.9361620378105682,0.8298439583479649,0.7859990474398795,4.2489894178537813e-07,0.10218383903797508,0.026235402514812375
act_accx | Valence(Negative-3) + Arousal(Low-1),act,accx,103,94,9,91.2621359223301,48,'2022-10-10 12:32:19','2023-03-21 20:21:18',2642917,1.984375,-2.0,3.984375,-0.42819674364537363,-0.546875,0.24880424326946637,0.49880281000558363,0.9339393935063088,0.7941812093606732,0.7560886520344297,-5.19390924626437e-07,0.08199988319246157,0.010108175855763223
act_accx | Valence(Negative-3) + Arousal(Neutral),act,accx,122,106,16,86.88524590163934,46,'2022-10-10 09:01:51','2023-03-22 17:09:45',2979994,1.984375,-2.0,3.984375,-0.3511132751022317,-0.515625,0.3204036899252154,0.5660421273414333,0.9300844849513202,0.7971960705592733,0.7510297368230018,-2.5415273216846675e-07,0.08453526264754309,0.0023763473869313793
act_accx | Valence(Negative-3) + Arousal(High1),act,accx,168,141,27,83.92857142857143,65,'2022-10-10 14:17:45','2023-03-22 18:29:42',4025974,1.984375,-2.0,3.984375,-0.5214500151081453,-0.625,0.2097581914627383,0.4579936587582172,0.9366804444744522,0.8146303878737886,0.772886884738089,1.9068632333994915e-06,0.09280330667282488,0.008018288835707148
act_accx | Valence(Negative-3) + Arousal(High2),act,accx,283,246,37,86.92579505300353,89,'2022-10-10 08:40:42','2023-03-22 17:13:25',7012043,1.984375,-2.0,3.984375,-0.45970552243119445,-0.578125,0.2598528296169005,0.5097576184981452,0.9287701042678644,0.7743834440256974,0.7633909244807635,-7.757013881529939e-07,0.08525019949631935,0.009578547287686243
act_accx | Valence(Negative-3) + Arousal(High3),act,accx,302,259,43,85.76158940397352,80,'2022-10-10 09:34:57','2023-03-22 19:21:15',7406421,1.984375,-2.0,3.984375,-0.5053823440835999,-0.59375,0.18805272527497338,0.4336504644007353,0.9336899428206241,0.8026990712936772,0.7641476674457742,-4.7477849699554833e-07,0.07688924258457286,0.00621289054211835
act_accx | Valence(Negative-3) + Arousal(High4),act,accx,73,68,5,93.15068493150685,26,'2022-10-11 11:01:34','2023-03-22 14:13:37',1937971,1.984375,-2.0,3.984375,-0.5445983518329222,-0.640625,0.15357254877614368,0.3918833356703799,0.8963410742973683,0.74408238334679,0.7026070110060462,3.729426430522616e-07,0.07735693076593426,0.03269430343782567
act_accx | Valence(Negative-2) + Arousal(Low-4),act,accx,33,29,4,87.87878787878788,17,'2022-10-12 12:05:28','2023-03-21 15:10:34',824196,1.984375,-2.0,3.984375,-0.4560041695179302,-0.578125,0.22633445194746932,0.4757462053947139,0.9237083466804703,0.8061281431617536,0.7544997186833984,2.8250890488590218e-06,0.10366195726893862,1.1695109449176042e-07
act_accx | Valence(Negative-2) + Arousal(Low-3),act,accx,124,113,11,91.12903225806451,50,'2022-10-10 08:51:41','2023-03-22 15:23:15',3162772,1.984375,-2.0,3.984375,-0.39009801963277785,-0.53125,0.28556899398817626,0.5343865585773806,0.9036470237075631,0.7808698517304299,0.7334146704699287,-3.232710524105644e-06,0.11425122647337654,0.010037848342627331
act_accx | Valence(Negative-2) + Arousal(Low-2),act,accx,403,356,47,88.33746898263027,89,'2022-10-10 09:53:05','2023-03-22 19:00:43',9828466,1.984375,-2.0,3.984375,-0.41045659967435405,-0.53125,0.24832211015941316,0.4983192853577043,0.9315807521526621,0.8198671671140717,0.7828164972146614,-6.451376558872967e-07,0.1001880310802812,0.015687986351348094
act_accx | Valence(Negative-2) + Arousal(Low-1),act,accx,330,281,49,85.15151515151516,88,'2022-10-10 09:02:50','2023-03-21 20:53:16',7913199,1.984375,-2.0,3.984375,-0.43312887548701856,-0.5625,0.2420046955291949,0.49193972753701737,0.9359251653297542,0.8315498253165984,0.7898366886712418,1.415596945348743e-06,0.09524550038097251,0.012821468226656588
act_accx | Valence(Negative-2) + Arousal(Neutral),act,accx,285,267,18,93.6842105263158,70,'2022-10-10 09:00:53','2023-03-22 18:29:36',7566716,1.984375,-2.0,3.984375,-0.3866523180267371,-0.53125,0.294979649673124,0.5431202902425245,0.9483944636667379,0.8464202948556852,0.8050290903866544,-1.183597168409616e-06,0.10865745376456352,0.008997272075378317
act_accx | Valence(Negative-2) + Arousal(High1),act,accx,500,456,44,91.2,90,'2022-10-10 08:57:12','2023-03-22 17:34:04',12926469,1.984375,-2.0,3.984375,-0.4622458274858355,-0.59375,0.2422295918046962,0.4921682555841002,0.9318577206775092,0.8132281980986326,0.7682778238330439,7.67433918599481e-07,0.09382839276681863,0.00941926795430243
act_accx | Valence(Negative-2) + Arousal(High2),act,accx,500,430,70,86.0,64,'2022-10-10 09:12:17','2023-03-22 15:22:37',12174099,1.984375,-2.0,3.984375,-0.4085433550359661,-0.5625,0.28109319087052387,0.5301822242121325,0.9139463793656394,0.7957747917638341,0.7545380435711089,-9.340904468558427e-07,0.09039707921583796,0.009828813919405918
act_accx | Valence(Negative-2) + Arousal(High3),act,accx,250,224,26,89.60000000000001,68,'2022-10-10 10:45:51','2023-03-22 19:30:54',6367043,1.984375,-2.0,3.984375,-0.45340075349734565,-0.578125,0.25236860375123754,0.5023630198882453,0.9214460610737258,0.78003397005975,0.7367474025275937,-4.256510818480389e-08,0.0721075510797072,0.019428077659183935
act_accx | Valence(Negative-2) + Arousal(High4),act,accx,46,45,1,97.82608695652173,25,'2022-10-11 07:44:30','2023-03-20 13:59:57',1273557,1.984375,-2.0,3.984375,-0.5468386721206825,-0.609375,0.1480534056976856,0.3847770857232608,0.91862492719145,0.7811883855374188,0.7401010581231913,3.4710536281344678e-06,0.0838226760640842,0.017991715476078658
act_accx | Valence(Negative-1) + Arousal(Low-4),act,accx,37,35,2,94.5945945945946,21,'2022-10-10 18:23:35','2023-03-22 10:25:41',972703,1.984375,-2.0,3.984375,-0.4254235844600047,-0.546875,0.21203120929443747,0.46046846720968576,0.9587292434098611,0.8924119576061097,0.8571781007510436,1.914422682881316e-06,0.10248487000816427,0.005704788065630638
act_accx | Valence(Negative-1) + Arousal(Low-3),act,accx,109,97,12,88.9908256880734,52,'2022-10-10 10:50:32','2023-03-22 12:38:31',2613751,1.984375,-2.0,3.984375,-0.37528800204189305,-0.5,0.2720765969267002,0.5216096211983635,0.9359518167208991,0.8285692049555934,0.7896795460830044,2.310534077555647e-06,0.09102893221857444,0.008665767353495864
act_accx | Valence(Negative-1) + Arousal(Low-2),act,accx,352,307,45,87.2159090909091,90,'2022-10-10 07:34:12','2023-03-22 19:48:27',8467255,1.984375,-2.0,3.984375,-0.4311583325263028,-0.546875,0.2532527538363107,0.5032422417050368,0.9375403060405086,0.8314493473733803,0.7882332226676787,-4.1513060186269966e-07,0.10268104918335759,0.02218969001851172
act_accx | Valence(Negative-1) + Arousal(Low-1),act,accx,500,446,54,89.2,78,'2022-10-10 07:39:37','2023-03-22 17:13:16',12479362,1.984375,-2.0,3.984375,-0.457381059424352,-0.578125,0.23972345481552268,0.48961561945624515,0.9339480722003249,0.8248976583990497,0.7830743678575219,6.788420029419571e-07,0.10662903521133568,0.019676328404514037
act_accx | Valence(Negative-1) + Arousal(Neutral),act,accx,447,409,38,91.49888143176734,84,'2022-10-10 09:49:04','2023-03-22 19:41:19',11622859,1.984375,-2.0,3.984375,-0.450998452435412,-0.5625,0.23420704262134118,0.48394942155285314,0.9388068979206046,0.8314522280253535,0.7899578794566603,3.508475510596123e-08,0.09641695705911651,0.01320874842258013
act_accx | Valence(Negative-1) + Arousal(High1),act,accx,500,451,49,90.2,50,'2022-10-10 08:46:38','2022-11-30 16:35:54',12667472,1.984375,-2.0,3.984375,-0.5325243737463955,-0.609375,0.15666405307942569,0.39580810133122046,0.9311023817464074,0.8146068398753581,0.7676393135584744,-1.8512318383088096e-06,0.0935897017067373,0.02082038564611699
act_accx | Valence(Negative-1) + Arousal(High2),act,accx,500,461,39,92.2,79,'2022-10-10 09:02:40','2023-03-22 19:45:58',13115193,1.984375,-2.0,3.984375,-0.4590149855209908,-0.59375,0.24758825423876668,0.4975824094949164,0.9183402667714177,0.7894090953663573,0.7441084447809742,-1.888628379331869e-06,0.07689211382410997,0.011283168351819013
act_accx | Valence(Negative-1) + Arousal(High3),act,accx,226,209,17,92.47787610619469,58,'2022-10-10 14:25:32','2023-03-22 19:19:39',5881623,1.984375,-2.0,3.984375,-0.45528181060737827,-0.5625,0.24414525546486343,0.4941105700800818,0.9003246317340227,0.7504084437618945,0.7131372817903923,-2.6719325516972345e-06,0.07880798489165898,0.008839001596967523
act_accx | Valence(Negative-1) + Arousal(High4),act,accx,43,42,1,97.67441860465115,22,'2022-10-10 15:39:52','2023-03-20 12:38:01',1179416,1.984375,-2.0,3.984375,-0.5022447020389752,-0.609375,0.2083260079719185,0.4564274399857205,0.9109720439090212,0.7522132532501027,0.7319696613801723,5.338352188387456e-08,0.07098933931828529,0.024850084091923342
act_accx | Valence(Neutral) + Arousal(Low-4),act,accx,69,58,11,84.05797101449275,29,'2022-10-10 10:06:39','2023-03-18 13:59:58',1670342,1.984375,-2.0,3.984375,-0.4033791433131658,-0.546875,0.25442767346478296,0.504408240877152,0.9594520929897083,0.8801541282195777,0.849271395802567,-1.5529146355881725e-07,0.12853103959785445,0.01239087272773818
act_accx | Valence(Neutral) + Arousal(Low-3),act,accx,227,197,30,86.78414096916299,60,'2022-10-10 17:24:13','2023-03-22 15:12:45',5448020,1.984375,-2.0,3.984375,-0.20516258085506295,-0.40625,0.4072662572378118,0.6381741590175928,0.9349838423638437,0.8435121398544286,0.8025023837857851,-1.6113323155227971e-06,0.10903224632257202,0.008589596128727226
act_accx | Valence(Neutral) + Arousal(Low-2),act,accx,488,424,64,86.88524590163934,85,'2022-10-10 07:58:52','2023-03-22 19:30:24',11658930,1.984375,-2.0,3.984375,-0.3298005544355271,-0.484375,0.31186267593443723,0.5584466634643251,0.9384546552007693,0.8489626997669454,0.8116200358252752,1.5332668369980782e-06,0.11605932978070703,0.0070739126924597474
act_accx | Valence(Neutral) + Arousal(Low-1),act,accx,500,463,37,92.60000000000001,59,'2022-10-10 08:37:58','2023-03-22 19:54:12',12861589,1.984375,-2.0,3.984375,-0.40577674976630024,-0.546875,0.2736743831458449,0.5231389711595237,0.9387239897221865,0.8471673531603778,0.8098438286869553,1.9688314742469475e-06,0.10060795072980373,0.013197430829710819
act_accx | Valence(Neutral) + Arousal(Neutral),act,accx,500,446,54,89.2,29,'2022-10-10 05:27:00','2022-11-30 17:18:22',12427675,1.984375,-2.0,3.984375,-0.4159476304900152,-0.546875,0.26527380944122964,0.5150473856270213,0.9410363395132503,0.8458376732928233,0.8043090022484629,-1.9441192191930317e-06,0.09752900786800654,0.010567305026631484
act_accx | Valence(Neutral) + Arousal(High1),act,accx,500,461,39,92.2,59,'2022-10-10 11:16:24','2023-03-22 08:38:38',12926693,1.984375,-2.0,3.984375,-0.47801960060473314,-0.578125,0.20081507343924332,0.44812394874548195,0.9322708416804649,0.8190002126402249,0.7757418585480339,-1.331592813671712e-06,0.09443085055428325,0.011249341240609393
act_accx | Valence(Neutral) + Arousal(High2),act,accx,500,457,43,91.4,70,'2022-10-10 13:29:02','2023-03-21 17:00:55',13087840,1.984375,-2.0,3.984375,-0.4448809854223462,-0.5625,0.25606104224719745,0.5060247446985151,0.9273608448259033,0.7988771663963344,0.7549966093048589,-1.138834574627555e-06,0.07582808543060256,0.020770375469523084
act_accx | Valence(Neutral) + Arousal(High3),act,accx,279,261,18,93.54838709677419,57,'2022-10-10 08:56:12','2023-03-22 14:30:17',7427471,1.984375,-2.0,3.984375,-0.42763657584459097,-0.5625,0.2727339431744078,0.5222393542949514,0.9020614216178692,0.7491936987371819,0.7070882733569521,-4.5956080148661647e-07,0.07590125554132264,0.009574088162387346
act_accx | Valence(Neutral) + Arousal(High4),act,accx,44,41,3,93.18181818181817,16,'2022-10-11 20:20:59','2023-03-20 15:47:28',1180759,1.984375,-2.0,3.984375,-0.5565842473993423,-0.625,0.16465988705746737,0.40578305417731203,0.8933396427744085,0.7371690283776721,0.6900910961266595,-7.917882516750902e-07,0.05913920971117285,0.011130097006939768
act_accx | Valence(Positive1) + Arousal(Low-4),act,accx,76,62,14,81.57894736842105,29,'2022-10-10 12:36:11','2023-03-18 17:03:55',1694888,1.984375,-2.0,3.984375,-0.47104338531513584,-0.59375,0.21285739265372144,0.4613647067708164,0.9241508094987807,0.8359960858912375,0.7978193987320124,7.266058157105623e-07,0.13374208156881134,0.005358518818317163
act_accx | Valence(Positive1) + Arousal(Low-3),act,accx,254,224,30,88.18897637795276,71,'2022-10-10 16:49:56','2023-03-22 14:30:51',6197487,1.984375,-2.0,3.984375,-0.39850851038493507,-0.546875,0.29398327087253473,0.5422022416705179,0.9364802088226328,0.8289967298688856,0.7847580495685218,9.73040346643703e-07,0.10238856122671268,0.01468554694378936
act_accx | Valence(Positive1) + Arousal(Low-2),act,accx,500,461,39,92.2,88,'2022-10-10 09:06:27','2023-03-22 23:38:26',12931305,1.984375,-2.0,3.984375,-0.4282816172652335,-0.5625,0.25769468462883627,0.5076363704748078,0.9372115809195164,0.8362543083838075,0.7938938954308389,4.0579806809281827e-07,0.11404310841778977,0.015274685692413751
act_accx | Valence(Positive1) + Arousal(Low-1),act,accx,500,458,42,91.60000000000001,49,'2022-10-10 08:51:37','2022-11-30 20:21:28',12732415,1.984375,-2.0,3.984375,-0.464287511933125,-0.578125,0.2239030727716461,0.47318397349407987,0.9286716037089059,0.8144956350626009,0.7753520906478522,2.652735822455925e-06,0.09812522700258657,0.02085034474868586
act_accx | Valence(Positive1) + Arousal(Neutral),act,accx,500,450,50,90.0,49,'2022-10-10 09:06:21','2022-11-30 21:44:35',12707787,1.984375,-2.0,3.984375,-0.4984127989790827,-0.609375,0.21304714494305038,0.461570303359142,0.9267599877491046,0.7997442827248299,0.7587410102578298,-8.306492064979203e-07,0.09370536849385898,0.024060148376497167
act_accx | Valence(Positive1) + Arousal(High1),act,accx,500,447,53,89.4,47,'2022-10-10 08:38:59','2022-11-30 19:59:54',12677404,1.984375,-2.0,3.984375,-0.5340242593239121,-0.59375,0.15110717914125796,0.3887250688356206,0.9227983141037259,0.7979133456831782,0.7554204094868128,2.35884085318677e-07,0.08942144621710485,0.014714911602310534
act_accx | Valence(Positive1) + Arousal(High2),act,accx,500,398,102,79.60000000000001,67,'2022-10-10 10:40:34','2023-03-22 19:16:03',11219401,1.984375,-2.0,3.984375,-0.4730178024878512,-0.59375,0.23267046775956732,0.48235927249257615,0.9275881637708834,0.7879412493090237,0.750734078322799,-6.987722647298319e-07,0.08459843995859762,0.01903616971915854
act_accx | Valence(Positive1) + Arousal(High3),act,accx,265,248,17,93.58490566037736,62,'2022-10-10 09:47:56','2023-03-22 17:06:42',7066476,1.984375,-2.0,3.984375,-0.4372453004687202,-0.578125,0.26842292253922506,0.518095476277515,0.9253594455783913,0.7751568175843425,0.7314032149218344,3.0641137753302277e-07,0.07351992082037065,0.011078293124426567
act_accx | Valence(Positive1) + Arousal(High4),act,accx,45,37,8,82.22222222222221,20,'2022-10-11 09:51:14','2023-03-21 11:45:05',1065563,1.984375,-2.0,3.984375,-0.5036410036290675,-0.5625,0.1800644440393085,0.42434000994404064,0.892009331922443,0.7090561279273234,0.642391846861256,1.5547307229239863e-06,0.05505431748931681,0.055896973015312684
act_accx | Valence(Positive2) + Arousal(Low-4),act,accx,115,104,11,90.43478260869566,38,'2022-10-10 18:07:36','2023-03-22 09:30:59',2983288,1.984375,-2.0,3.984375,-0.45195635968602427,-0.578125,0.2289824275921628,0.4785210837488384,0.9149628756185859,0.8127508222723191,0.7832997492773764,-5.964469296371543e-07,0.10987706544533617,0.03662654118185741
act_accx | Valence(Positive2) + Arousal(Low-3),act,accx,363,321,42,88.42975206611571,84,'2022-10-10 09:32:33','2023-03-22 20:53:57',8938909,1.984375,-2.0,3.984375,-0.41774286122333276,-0.546875,0.2671183599484601,0.5168349445891407,0.9416996240187886,0.8392654592435642,0.80067526730123,-2.1498544645505273e-06,0.12975423028657132,0.011172129055500983
act_accx | Valence(Positive2) + Arousal(Low-2),act,accx,500,424,76,84.8,51,'2022-10-10 07:28:31','2022-11-30 19:25:15',11813255,1.984375,-2.0,3.984375,-0.4421620776830772,-0.5625,0.2390624512696016,0.48894013055751684,0.9325681346816697,0.8272602087858205,0.7860910066293341,-1.1825625058358879e-06,0.09825530476355272,0.017057784371396722
act_accx | Valence(Positive2) + Arousal(Low-1),act,accx,500,448,52,89.60000000000001,64,'2022-10-10 09:10:23','2023-03-22 10:02:09',12520663,1.984375,-2.0,3.984375,-0.4458393472254624,-0.578125,0.24765754176263952,0.4976520287938546,0.9285791459713053,0.8233119144603969,0.7832199770261875,-2.417640030106342e-06,0.10017011338561341,0.01081266524089378
