time_minutes,eda_microsiemens
0.0,3.052992
0.004168982768204558,3.065804
0.008337965536409116,3.076052
0.012506948304613675,3.079895
0.016675931072818232,3.078614
0.02084491384102279,3.088863
0.02501389660922735,3.090144
0.029182879377431907,3.092706
0.033351862145636464,3.095269
0.03752084491384102,3.09655
0.04168982768204558,3.109361
0.045858810450250136,3.124734
0.0500277932184547,3.141388
0.05419677598665926,3.147794
0.058365758754863814,3.14395
0.06253474152306837,3.146513
0.06670372429127293,3.149075
0.07087270705947749,3.145232
0.07504168982768204,3.133702
0.0792106725958866,3.133702
0.08337965536409116,3.132421
0.08754863813229571,3.133702
0.09171762090050027,3.128577
0.09588660366870483,3.126015
0.1000555864369094,3.122172
0.10422456920511396,3.11961
0.10839355197331851,3.13114
0.11256253474152307,3.13114
0.11673151750972763,3.114485
0.12090050027793219,3.141388
0.12506948304613674,3.129858
0.12923846581434129,3.109361
0.13340744858254586,3.101674
0.13757643135075043,3.10808
0.14174541411895497,3.078614
0.14591439688715954,3.087582
0.15008337965536409,3.09655
0.15425236242356866,3.09655
0.1584213451917732,3.102955
0.16259032795997777,3.102955
0.16675931072818231,3.091425
0.17092829349638688,3.099112
0.17509727626459143,3.101674
0.179266259032796,3.104236
0.18343524180100054,3.102955
0.1876042245692051,3.102955
0.19177320733740966,3.104236
0.19594219010561423,3.10808
0.2001111728738188,3.109361
0.20428015564202334,3.106799
0.2084491384102279,3.101674
0.21261812117843246,3.097831
0.21678710394663703,3.086301
0.22095608671484157,3.082458
0.22512506948304614,3.079895
0.22929405225125069,3.081177
0.23346303501945526,3.070928
0.2376320177876598,3.051711
0.24180100055586437,3.058117
0.2459699833240689,3.064522
0.2501389660922735,3.060679
0.25430794886047803,3.058117
0.25847693162868257,3.049149
0.26264591439688717,3.042744
0.2668148971650917,3.040181
0.27098387993329626,3.037619
0.27515286270150086,3.031214
0.2793218454697054,3.029933
0.28349082823790994,3.024808
0.2876598110061145,3.023527
0.2918287937743191,3.017122
0.2959977765425236,3.006873
0.30016675931072817,3.001749
0.3043357420789327,3.00303
0.3085047248471373,3.000467
0.31267370761534186,2.999186
0.3168426903835464,2.990219
0.32101167315175094,2.971002
0.32518065591995554,2.964597
0.3293496386881601,2.974845
0.33351862145636463,2.983813
0.3376876042245692,2.9915
0.34185658699277377,2.923601
0.3460255697609783,2.928726
0.35019455252918286,2.912071
0.35436353529738746,2.969721
0.358532518065592,3.05043
0.36270150083379654,3.000467
0.3668704836020011,2.985094
0.3710394663702057,2.992781
0.3752084491384102,2.9915
0.37937743190661477,2.992781
0.3835464146748193,3.001749
0.3877153974430239,3.009435
0.39188438021122846,2.981251
0.396053362979433,2.997905
0.4002223457476376,3.001749
0.40439132851584214,3.01456
0.4085603112840467,3.031214
0.4127292940522512,3.049149
0.4168982768204558,3.068366
0.42106725958866037,3.069647
0.4252362423568649,3.060679
0.42940522512506946,3.078614
0.43357420789327406,3.111923
0.4377431906614786,3.158043
0.44191217342968314,3.168291
0.4460811561978877,3.191351
0.4502501389660923,3.134983
0.4544191217342968,3.037619
0.45858810450250137,3.028651
0.4627570872707059,3.028651
0.4669260700389105,3.020965
0.47109505280711506,3.005592
0.4752640355753196,3.013278
0.4794330183435242,3.029933
0.48360200111172874,3.018403
0.4877709838799333,3.044025
0.4919399666481378,3.009435
0.4961089494163424,3.018403
0.500277932184547,3.015841
0.5044469149527515,3.01456
0.5086158977209561,3.017122
0.5127848804891606,3.046587
0.5169538632573651,3.072209
0.5211228460255698,3.086301
0.5252918287937743,3.078614
0.5294608115619789,3.059398
0.5336297943301834,3.065804
0.537798777098388,2.973564
0.5419677598665925,2.935131
0.5461367426347971,2.926164
0.5503057254030017,2.926164
0.5544747081712063,2.912071
0.5586436909394108,2.915915
0.5628126737076153,2.927445
0.5669816564758199,2.946661
0.5711506392440244,2.95691
0.575319622012229,2.96844
0.5794886047804335,2.971002
0.5836575875486382,2.983813
0.5878265703168427,2.986375
0.5919955530850473,2.995343
0.5961645358532518,3.001749
0.6003335186214563,3.005592
0.6045025013896609,3.001749
0.6086714841578654,3.000467
0.6128404669260701,3.001749
0.6170094496942746,3.00303
0.6211784324624792,2.992781
0.6253474152306837,2.994062
0.6295163979988883,2.987656
0.6336853807670928,2.990219
0.6378543635352973,2.9915
0.6420233463035019,2.990219
0.6461923290717065,2.990219
0.6503613118399111,3.000467
0.6545302946081156,3.013278
0.6586992773763202,3.040181
0.6628682601445247,2.963315
0.6670372429127293,3.079895
0.6712062256809338,3.054274
0.6753752084491385,3.072209
0.679544191217343,3.091425
0.6837131739855475,3.104236
0.6878821567537521,3.09655
0.6920511395219566,3.091425
0.6962201222901612,3.081177
0.7003891050583657,3.056836
0.7045580878265703,3.044025
0.7087270705947749,3.010716
0.7128960533629795,3.006873
0.717065036131184,3.01456
0.7212340188993885,2.983813
0.7254030016675931,2.955629
0.7295719844357976,2.959472
0.7337409672040022,2.97997
0.7379099499722068,2.992781
0.7420789327404114,2.995343
0.7462479155086159,2.9915
0.7504168982768205,2.988937
0.754585881045025,2.986375
0.7587548638132295,2.97997
0.7629238465814341,2.97997
0.7670928293496386,2.976126
0.7712618121178433,2.971002
0.7754307948860478,2.969721
0.7795997776542524,2.96844
0.7837687604224569,2.965878
0.7879377431906615,2.96844
0.792106725958866,2.959472
0.7962757087270705,2.959472
0.8004446914952752,2.955629
0.8046136742634797,2.953067
0.8087826570316843,2.949223
0.8129516397998888,2.94538
0.8171206225680934,2.940256
0.8212896053362979,2.938975
0.8254585881045025,2.93385
0.829627570872707,2.931288
0.8337965536409117,2.930007
0.8379655364091162,2.928726
0.8421345191773207,2.926164
0.8463035019455253,2.923601
0.8504724847137298,2.927445
0.8546414674819344,2.927445
0.8588104502501389,2.923601
0.8629794330183435,2.931288
0.8671484157865481,2.937694
0.8713173985547527,2.951786
0.8754863813229572,2.949223
0.8796553640911617,2.951786
0.8838243468593663,2.949223
0.8879933296275708,2.94538
0.8921623123957754,2.946661
0.89633129516398,2.940256
0.9005002779321846,2.932569
0.9046692607003891,2.931288
0.9088382434685937,2.924882
0.9130072262367982,2.918477
0.9171762090050027,2.915915
0.9213451917732073,2.904385
0.9255141745414118,2.908228
0.9296831573096165,2.931288
0.933852140077821,2.924882
0.9380211228460256,2.918477
0.9421901056142301,2.915915
0.9463590883824347,2.904385
0.9505280711506392,2.908228
0.9546970539188437,2.908228
0.9588660366870484,2.905666
0.9630350194552529,2.892855
0.9672040022234575,2.892855
0.971372984991662,2.887731
0.9755419677598666,2.882606
0.9797109505280711,2.877482
0.9838799332962757,2.872357
0.9880489160644802,2.869795
0.9922178988326849,2.86339
0.9963868816008894,2.850579
1.000555864369094,2.848017
1.0047248471372985,2.855703
1.008893829905503,2.859546
1.0130628126737076,2.85186
1.0172317954419121,2.849298
1.0214007782101167,2.848017
1.0255697609783212,2.845454
1.0297387437465257,2.842892
1.0339077265147303,2.839049
1.038076709282935,2.837768
1.0422456920511396,2.839049
1.0464146748193441,2.837768
1.0505836575875487,2.835206
1.0547526403557532,2.8288
1.0589216231239578,2.830081
1.0630906058921623,2.823676
1.0672595886603669,2.822395
1.0714285714285714,2.81727
1.075597554196776,2.815989
1.0797665369649805,2.809583
1.083935519733185,2.810865
1.0881045025013896,2.809583
1.0922734852695941,2.801897
1.0964424680377987,2.804459
1.1006114508060034,2.800616
1.104780433574208,2.800616
1.1089494163424125,2.757058
1.113118399110617,2.672506
1.1172873818788216,2.650727
1.1214563646470261,2.675068
1.1256253474152307,2.722469
1.1297943301834352,2.762183
1.1339633129516398,2.796772
1.1381322957198443,2.831362
1.1423012784880489,2.892855
1.1464702612562534,2.963315
1.150639244024458,3.029933
1.1548082267926625,3.122172
1.158977209560867,3.196476
1.1631461923290718,3.287434
1.1673151750972763,3.332272
1.1714841578654809,3.359175
1.1756531406336854,3.369424
1.17982212340189,3.363019
1.1839911061700945,3.343802
1.188160088938299,3.324586
1.1923290717065036,3.296402
1.1964980544747081,3.273342
1.2006670372429127,3.246439
1.2048360200111172,3.223379
1.2090050027793218,3.2016
1.2131739855475263,3.186227
1.2173429683157309,3.168291
1.2215119510839354,3.165729
1.2256809338521402,3.133702
1.2298499166203447,3.091425
1.2340188993885493,3.0389
1.2381878821567538,3.033776
1.2423568649249583,3.000467
1.2465258476931629,2.992781
1.2506948304613674,2.995343
1.254863813229572,2.978689
1.2590327959977765,2.962034
1.263201778765981,2.964597
1.2673707615341856,2.958191
1.2715397443023901,2.954348
1.2757087270705947,2.951786
1.2798777098387992,2.94538
1.2840466926070038,2.937694
1.2882156753752085,2.93385
1.292384658143413,2.930007
1.2965536409116176,2.924882
1.3007226236798222,2.92232
1.3048916064480267,2.917196
1.3090605892162313,2.917196
1.3132295719844358,2.908228
1.3173985547526403,2.906947
1.3215675375208449,2.900542
1.3257365202890494,2.899261
1.329905503057254,2.894136
1.3340744858254585,2.891574
1.338243468593663,2.890293
1.3424124513618676,2.885168
1.3465814341300721,2.880044
1.350750416898277,2.877482
1.3549193996664814,2.87492
1.359088382434686,2.876201
1.3632573652028905,2.868514
1.367426347971095,2.871076
1.3715953307392996,2.867233
1.3757643135075042,2.860827
1.3799332962757087,2.856984
1.3841022790439133,2.855703
1.3882712618121178,2.85186
1.3924402445803223,2.848017
1.3966092273485269,2.849298
1.4007782101167314,2.846735
1.404947192884936,2.844173
1.4091161756531405,2.842892
1.4132851584213453,2.84033
1.4174541411895498,2.84033
1.4216231239577544,2.836487
1.425792106725959,2.832643
1.4299610894941635,2.830081
1.434130072262368,2.826238
1.4382990550305725,2.824957
1.442468037798777,2.823676
1.4466370205669816,2.819832
1.4508060033351862,2.818551
1.4549749861033907,2.813427
1.4591439688715953,2.813427
1.4633129516397998,2.813427
1.4674819344080043,2.808302
1.4716509171762089,2.804459
1.4758198999444136,2.803178
1.4799888827126182,2.824957
1.4841578654808227,2.812146
1.4883268482490273,2.744247
1.4924958310172318,2.718626
1.4966648137854364,2.751934
1.500833796553641,2.785243
1.5050027793218455,2.742966
1.50917176209005,2.791648
1.5133407448582545,2.844173
1.517509727626459,2.880044
1.5216787103946636,2.941537
1.5258476931628682,3.000467
1.5300166759310727,3.052992
1.5341856586992773,3.077333
1.538354641467482,3.105518
1.5425236242356866,3.120891
1.546692607003891,3.11961
1.5508615897720957,3.10808
1.5550305725403002,3.090144
1.5591995553085047,3.068366
1.5633685380767093,3.05043
1.5675375208449138,3.029933
1.5717065036131184,3.015841
1.575875486381323,2.999186
1.5800444691495275,2.987656
1.584213451917732,2.974845
1.5883824346859365,2.959472
1.592551417454141,2.977407
1.5967204002223456,2.896698
1.6008893829905504,2.895417
1.605058365758755,2.890293
1.6092273485269595,2.887731
1.613396331295164,2.880044
1.6175653140633686,2.85186
1.621734296831573,2.865952
1.6259032795997777,2.93385
1.6300722623679822,2.930007
1.6342412451361867,2.923601
1.6384102279043913,2.92232
1.6425792106725958,2.918477
1.6467481934408004,2.904385
1.650917176209005,2.905666
1.6550861589772095,2.913352
1.659255141745414,2.937694
1.6634241245136185,2.963315
1.6675931072818233,2.992781
1.6717620900500278,3.01456
1.6759310728182324,3.035057
1.680100055586437,3.049149
1.6842690383546415,3.056836
1.688438021122846,3.054274
1.6926070038910506,3.047868
1.696775986659255,3.0389
1.7009449694274597,3.026089
1.7051139521956642,3.017122
1.7092829349638687,3.005592
1.7134519177320733,2.992781
1.7176209005002778,2.986375
1.7217898832684824,2.977407
1.725958866036687,2.971002
1.7301278488048917,2.964597
1.7342968315730962,2.95691
1.7384658143413008,2.954348
1.7426347971095053,2.947942
1.7468037798777099,2.941537
1.7509727626459144,2.935131
1.755141745414119,2.928726
1.7593107281823235,2.924882
1.763479710950528,2.919758
1.7676486937187326,2.914634
1.771817676486937,2.91079
1.7759866592551417,2.906947
1.7801556420233462,2.904385
1.7843246247915507,2.897979
1.7884936075597553,2.895417
1.79266259032796,2.894136
1.7968315730961646,2.894136
1.8010005558643691,2.892855
1.8051695386325737,2.894136
1.8093385214007782,2.897979
1.8135075041689828,2.896698
1.8176764869371873,2.891574
1.8218454697053919,2.889012
1.8260144524735964,2.889012
1.830183435241801,2.88645
1.8343524180100055,2.88645
1.83852140077821,2.891574
1.8426903835464146,2.903104
1.846859366314619,2.908228
1.8510283490828237,2.908228
1.8551973318510284,2.915915
1.859366314619233,2.917196
1.8635352973874375,2.917196
1.867704280155642,2.919758
1.8718732629238466,2.926164
1.8760422456920511,2.930007
1.8802112284602557,2.935131
1.8843802112284602,2.958191
1.8885491939966648,2.955629
1.8927181767648693,2.949223
1.8968871595330739,2.976126
1.9010561423012784,3.041463
1.905225125069483,3.087582
1.9093941078376875,3.151637
1.913563090605892,3.222098
1.9177320733740968,3.277185
1.9219010561423013,3.31818
1.9260700389105059,3.334834
1.9302390216787104,3.338678
1.934408004446915,3.339959
1.9385769872151195,3.322023
1.942745969983324,3.287434
1.9469149527515286,3.311774
1.9510839355197331,3.202881
1.9552529182879377,3.195194
1.9594219010561422,3.259249
1.9635908838243468,3.206724
1.9677598665925513,3.208005
1.9719288493607559,3.179821
1.9760978321289604,3.164448
1.9802668148971652,3.147794
1.9844357976653697,3.134983
1.9886047804335742,3.117048
1.9927737632017788,3.105518
1.9969427459699833,3.093988
2.001111728738188,3.083739
2.0052807115063924,3.076052
2.009449694274597,3.069647
2.0136186770428015,3.06196
2.017787659811006,3.055555
2.0219566425792106,3.05043
2.026125625347415,3.041463
2.0302946081156197,3.0389
2.0344635908838242,3.033776
2.0386325736520288,3.028651
2.0428015564202333,3.020965
2.046970539188438,3.017122
2.0511395219566424,3.015841
2.055308504724847,3.008154
2.0594774874930515,3.00303
2.063646470261256,2.999186
2.0678154530294606,2.9915
2.0719844357976656,2.990219
2.07615341856587,2.987656
2.0803224013340746,2.983813
2.084491384102279,2.982532
2.0886603668704837,2.976126
2.0928293496386883,2.973564
2.096998332406893,2.96844
2.1011673151750974,2.962034
2.105336297943302,2.962034
2.1095052807115064,2.95691
2.113674263479711,2.953067
2.1178432462479155,2.951786
2.12201222901612,2.949223
2.1261812117843246,2.944099
2.130350194552529,2.942818
2.1345191773207337,2.93385
2.1386881600889383,2.931288
2.142857142857143,2.930007
2.1470261256253473,2.930007
2.151195108393552,2.926164
2.1553640911617564,2.924882
2.159533073929961,2.921039
2.1637020566981655,2.913352
2.16787103946637,2.91079
2.1720400222345746,2.909509
2.176209005002779,2.906947
2.1803779877709837,2.901823
2.1845469705391882,2.897979
2.1887159533073928,2.896698
2.1928849360755973,2.895417
2.197053918843802,2.892855
2.201222901612007,2.891574
2.2053918843802114,2.889012
2.209560867148416,2.882606
2.2137298499166205,2.882606
2.217898832684825,2.876201
2.2220678154530296,2.87492
2.226236798221234,2.872357
2.2304057809894386,2.869795
2.234574763757643,2.865952
2.2387437465258477,2.86339
2.2429127292940523,2.860827
2.247081712062257,2.860827
2.2512506948304614,2.860827
2.255419677598666,2.859546
2.2595886603668704,2.858265
2.263757643135075,2.85186
2.2679266259032795,2.854422
2.272095608671484,2.849298
2.2762645914396886,2.845454
2.280433574207893,2.841611
2.2846025569760977,2.845454
2.2887715397443023,2.845454
2.292940522512507,2.841611
2.2971095052807113,2.837768
2.301278488048916,2.837768
2.3054474708171204,2.835206
2.309616453585325,2.831362
2.3137854363535295,2.831362
2.317954419121734,2.826238
2.3221234018899386,2.826238
2.3262923846581436,2.824957
2.330461367426348,2.818551
2.3346303501945527,2.821113
2.338799332962757,2.815989
2.3429683157309618,2.81727
2.3471372984991663,2.812146
2.351306281267371,2.808302
2.3554752640355754,2.807021
2.35964424680378,2.80574
2.3638132295719845,2.804459
2.367982212340189,2.80574
2.3721511951083936,2.801897
2.376320177876598,2.800616
2.3804891606448026,2.800616
2.384658143413007,2.792929
2.3888271261812117,2.79421
2.3929961089494163,2.790367
2.397165091717621,2.786524
2.4013340744858254,2.785243
2.40550305725403,2.782681
2.4096720400222345,2.780118
2.413841022790439,2.774994
2.4180100055586435,2.777556
2.422178988326848,2.774994
2.4263479710950526,2.776275
2.430516953863257,2.771151
2.4346859366314617,2.774994
2.4388549193996663,2.769869
2.443023902167871,2.762183
2.4471928849360753,2.778837
2.4513618677042803,2.787805
2.455530850472485,2.789086
2.4596998332406894,2.786524
2.463868816008894,2.785243
2.4680377987770985,2.783962
2.472206781545303,2.780118
2.4763757643135076,2.781399
2.480544747081712,2.781399
2.4847137298499167,2.778837
2.488882712618121,2.776275
2.4930516953863258,2.776275
2.4972206781545303,2.782681
2.501389660922735,2.782681
2.5055586436909394,2.782681
2.509727626459144,2.777556
2.5138966092273485,2.774994
2.518065591995553,2.777556
2.5222345747637576,2.769869
2.526403557531962,2.864671
2.5305725403001667,2.827519
2.534741523068371,2.803178
2.5389105058365757,2.792929
2.5430794886047803,2.778837
2.547248471372985,2.815989
2.5514174541411894,2.878763
2.555586436909394,2.903104
2.5597554196775985,2.924882
2.563924402445803,2.958191
2.5680933852140075,3.004311
2.572262367982212,3.00303
2.576431350750417,3.019684
2.5806003335186216,3.041463
2.584769316286826,3.063241
2.5889382990550307,3.08502
2.5931072818232352,3.047868
2.59727626459144,3.037619
2.6014452473596443,3.046587
2.605614230127849,3.018403
2.6097832128960534,2.985094
2.613952195664258,2.976126
2.6181211784324625,2.965878
2.622290161200667,2.955629
2.6264591439688716,2.94538
2.630628126737076,2.946661
2.6347971095052807,2.94538
2.638966092273485,2.938975
2.6431350750416898,2.935131
2.6473040578098943,2.935131
2.651473040578099,2.93385
2.6556420233463034,2.947942
2.659811006114508,2.949223
2.6639799888827125,2.942818
2.668148971650917,2.941537
2.6723179544191216,2.940256
2.676486937187326,2.926164
2.6806559199555307,2.904385
2.684824902723735,2.873638
2.6889938854919397,2.871076
2.6931628682601443,2.869795
2.697331851028349,2.876201
2.701500833796554,2.878763
2.7056698165647584,2.908228
2.709838799332963,2.883887
2.7140077821011674,2.826238
2.718176764869372,2.837768
2.7223457476375765,2.876201
2.726514730405781,2.856984
2.7306837131739856,2.87492
2.73485269594219,2.876201
2.7390216787103947,2.909509
2.7431906614785992,2.93385
2.747359644246804,2.940256
2.7515286270150083,2.950505
2.755697609783213,2.904385
2.7598665925514174,2.894136
2.764035575319622,2.869795
2.7682045580878265,2.876201
2.772373540856031,2.896698
2.7765425236242356,2.997905
2.78071150639244,3.101674
2.7848804891606447,3.101674
2.789049471928849,3.099112
2.7932184546970538,3.088863
2.7973874374652583,3.128577
2.801556420233463,3.117048
2.8057254030016674,3.100393
2.809894385769872,3.070928
2.8140633685380765,3.045306
2.818232351306281,3.045306
2.8224013340744856,3.087582
2.8265703168426906,3.129858
2.830739299610895,3.113204
2.8349082823790996,3.058117
2.839077265147304,2.919758
2.8432462479155087,2.914634
2.8474152306837133,2.924882
2.851584213451918,2.94538
2.8557531962201224,2.93385
2.859922178988327,2.93385
2.8640911617565314,2.941537
2.868260144524736,3.023527
2.8724291272929405,2.988937
2.876598110061145,2.964597
2.8807670928293496,2.976126
2.884936075597554,2.931288
2.8891050583657587,2.921039
2.8932740411339632,2.904385
2.897443023902168,2.937694
2.9016120066703723,2.941537
2.905780989438577,2.936412
2.9099499722067814,2.918477
2.914118954974986,2.951786
2.9182879377431905,3.009435
2.922456920511395,2.923601
2.9266259032795996,2.954348
2.930794886047804,3.019684
2.9349638688160087,2.899261
2.9391328515842132,2.905666
2.9433018343524178,2.932569
2.9474708171206223,2.919758
2.9516397998888273,2.913352
2.955808782657032,2.918477
2.9599777654252364,2.909509
2.964146748193441,2.926164
2.9683157309616455,2.924882
2.97248471372985,2.978689
2.9766536964980546,2.953067
2.980822679266259,2.932569
2.9849916620344636,2.923601
2.989160644802668,2.91079
2.9933296275708727,2.905666
2.9974986103390773,2.899261
3.001667593107282,2.892855
3.0058365758754864,2.885168
3.010005558643691,2.883887
3.0141745414118954,2.880044
3.0183435241801,2.876201
3.0225125069483045,2.87492
3.026681489716509,2.865952
3.0308504724847136,2.864671
3.035019455252918,2.856984
3.0391884380211227,2.855703
3.0433574207893273,2.849298
3.047526403557532,2.849298
3.0516953863257363,2.850579
3.055864369093941,2.846735
3.0600333518621454,2.842892
3.06420233463035,2.837768
3.0683713173985545,2.84033
3.072540300166759,2.841611
3.076709282934964,2.867233
3.0808782657031686,2.839049
3.085047248471373,2.824957
3.0892162312395777,2.814708
3.093385214007782,2.812146
3.0975541967759868,2.810865
3.1017231795441913,2.821113
3.105892162312396,2.8288
3.1100611450806004,2.827519
3.114230127848805,2.824957
3.1183991106170095,2.810865
3.122568093385214,2.826238
3.1267370761534186,2.824957
3.130906058921623,2.826238
3.1350750416898276,2.832643
3.139244024458032,2.827519
3.1434130072262367,2.821113
3.1475819899944413,2.810865
3.151750972762646,2.787805
3.1559199555308504,2.72375
3.160088938299055,2.655852
3.1642579210672594,2.632792
3.168426903835464,2.619981
3.1725958866036685,2.626386
3.176764869371873,2.6661
3.1809338521400776,2.685317
3.185102834908282,2.693003
3.1892718176764867,2.652008
3.1934408004446913,2.782681
3.197609783212896,2.814708
3.201778765981101,2.803178
3.2059477487493053,2.800616
3.21011673151751,2.801897
3.2142857142857144,2.795491
3.218454697053919,2.813427
3.2226236798221235,2.864671
3.226792662590328,2.869795
3.2309616453585326,2.899261
3.235130628126737,2.892855
3.2392996108949417,2.856984
3.243468593663146,2.858265
3.2476375764313508,2.860827
3.2518065591995553,2.850579
3.25597554196776,2.835206
3.2601445247359644,2.836487
3.264313507504169,2.821113
3.2684824902723735,2.804459
3.272651473040578,2.781399
3.2768204558087826,2.730155
3.280989438576987,2.693003
3.2851584213451916,2.60717
3.289327404113396,2.832643
3.2934963868816007,2.755777
3.2976653696498053,2.708377
3.30183435241801,2.701971
3.3060033351862144,2.691722
3.310172317954419,2.686598
3.3143413007226235,2.686598
3.318510283490828,2.714782
3.3226792662590325,2.75834
3.326848249027237,2.768588
3.331017231795442,2.767307
3.3351862145636466,2.769869
3.339355197331851,2.755777
3.3435241801000557,2.710939
3.3476931628682602,2.690441
3.351862145636465,2.694284
3.3560311284046693,2.726312
3.360200111172874,2.774994
3.3643690939410784,2.804459
3.368538076709283,2.80574
3.3727070594774875,2.807021
3.376876042245692,2.80574
3.3810450250138966,2.809583
3.385214007782101,2.789086
3.3893829905503057,2.830081
3.39355197331851,2.818551
3.3977209560867148,2.822395
3.4018899388549193,2.80574
3.406058921623124,2.801897
3.4102279043913284,2.799335
3.414396887159533,2.801897
3.4185658699277375,2.796772
3.422734852695942,2.800616
3.4269038354641466,2.798054
3.431072818232351,2.799335
3.4352418010005557,2.798054
3.43941078376876,2.799335
3.4435797665369647,2.768588
3.4477487493051693,2.772432
3.451917732073374,2.792929
3.456086714841579,2.774994
3.4602556976097834,2.777556
3.464424680377988,2.790367
3.4685936631461924,2.774994
3.472762645914397,2.748091
3.4769316286826015,2.749372
3.481100611450806,2.79421
3.4852695942190106,2.783962
3.489438576987215,2.768588
3.4936075597554197,2.739123
3.4977765425236242,2.719907
3.501945525291829,2.611013
3.5061145080600333,2.613575
3.510283490828238,2.684036
3.5144524735964424,2.694284
3.518621456364647,2.744247
3.5227904391328515,2.741685
3.526959421901056,2.716063
3.5311284046692606,2.757058
3.535297387437465,2.742966
3.5394663702056697,2.73528
3.543635352973874,2.732718
3.5478043357420788,2.72375
3.5519733185102833,2.72375
3.556142301278488,2.725031
3.5603112840466924,2.717344
3.564480266814897,2.722469
3.5686492495831015,2.719907
3.572818232351306,2.716063
3.5769872151195106,2.710939
3.5811561978877156,2.714782
3.58532518065592,2.704533
3.5894941634241246,2.703252
3.593663146192329,2.70069
3.5978321289605337,2.696847
3.6020011117287383,2.694284
3.606170094496943,2.687879
3.6103390772651474,2.687879
3.614508060033352,2.684036
3.6186770428015564,2.680192
3.622846025569761,2.675068
3.6270150083379655,2.672506
3.63118399110617,2.668663
3.6353529738743746,2.659695
3.639521956642579,2.658414
3.6436909394107837,2.663538
3.6478599221789882,2.660976
3.652028904947193,2.653289
3.6561978877153973,2.649446
3.660366870483602,2.654571
3.6645358532518064,2.657133
3.668704836020011,2.673787
3.6728738187882155,2.691722
3.67704280155642,2.719907
3.6812117843246246,2.739123
3.685380767092829,2.753215
3.6895497498610337,2.698128
3.693718732629238,2.722469
3.6978877153974428,2.845454
3.7020566981656473,2.949223
3.7062256809338523,3.032495
3.710394663702057,3.111923
3.7145636464702614,3.179821
3.718732629238466,3.219535
3.7229016120066705,3.238752
3.727070594774875,3.234909
3.7312395775430796,3.208005
3.735408560311284,3.179821
3.7395775430794886,3.14395
3.743746525847693,3.117048
3.7479155086158977,3.092706
3.7520844913841023,3.065804
3.756253474152307,3.046587
3.7604224569205114,3.026089
3.764591439688716,3.008154
3.7687604224569204,2.996624
3.772929405225125,2.986375
3.7770983879933295,2.972283
3.781267370761534,2.958191
3.7854363535297386,2.950505
3.789605336297943,2.942818
3.7937743190661477,2.928726
3.7979433018343522,2.919758
3.802112284602557,2.919758
3.8062812673707613,2.906947
3.810450250138966,2.905666
3.8146192329071704,2.892855
3.818788215675375,2.88645
3.8229571984435795,2.878763
3.827126181211784,2.877482
3.831295163979989,2.871076
3.8354641467481936,2.86339
3.839633129516398,2.858265
3.8438021122846027,2.853141
3.847971095052807,2.853141
3.8521400778210118,2.844173
3.8563090605892163,2.837768
3.860478043357421,2.833924
3.8646470261256254,2.824957
3.86881600889383,2.823676
3.8729849916620345,2.822395
3.877153974430239,2.815989
3.8813229571984436,2.810865
3.885491939966648,2.810865
3.8896609227348526,2.80574
3.893829905503057,2.804459
3.8979988882712617,2.804459
3.9021678710394663,2.80574
3.906336853807671,2.799335
3.9105058365758754,2.796772
3.91467481934408,2.795491
3.9188438021122844,2.792929
3.923012784880489,2.787805
3.9271817676486935,2.781399
3.931350750416898,2.781399
3.9355197331851026,2.776275
3.939688715953307,2.773713
3.9438576987215117,2.766026
3.9480266814897162,2.763464
3.952195664257921,2.75834
3.956364647026126,2.757058
3.9605336297943303,2.751934
3.964702612562535,2.750653
3.9688715953307394,2.749372
3.973040578098944,2.742966
3.9772095608671485,2.742966
3.981378543635353,2.73528
3.9855475264035576,2.737842
3.989716509171762,2.731436
3.9938854919399667,2.728874
3.998054474708171,2.726312
4.002223457476376,2.726312
4.00639244024458,2.722469
4.010561423012785,2.719907
4.014730405780989,2.717344
4.018899388549194,2.713501
4.0230683713173985,2.714782
4.027237354085603,2.71222
4.031406336853808,2.708377
4.035575319622012,2.704533
4.039744302390217,2.703252
4.043913285158421,2.698128
4.048082267926626,2.695566
4.05225125069483,2.690441
4.056420233463035,2.690441
4.060589216231239,2.68916
4.064758198999444,2.682755
4.0689271817676484,2.680192
4.073096164535853,2.678911
4.0772651473040575,2.673787
4.081434130072262,2.675068
4.085603112840467,2.671225
4.089772095608671,2.668663
4.093941078376876,2.6661
4.09811006114508,2.6661
4.102279043913285,2.662257
4.106448026681489,2.660976
4.110617009449694,2.658414
4.114785992217898,2.657133
4.118954974986103,2.658414
4.1231239577543075,2.657133
4.127292940522512,2.657133
4.131461923290717,2.650727
4.135630906058921,2.652008
4.139799888827126,2.646884
4.143968871595331,2.646884
4.148137854363536,2.646884
4.15230683713174,2.640478
4.156475819899945,2.643041
4.160644802668149,2.632792
4.164813785436354,2.637916
4.168982768204558,2.634073
4.173151750972763,2.632792
4.1773207337409675,2.627667
4.181489716509172,2.623824
4.1856586992773765,2.625105
4.189827682045581,2.625105
4.193996664813786,2.623824
4.19816564758199,2.621262
4.202334630350195,2.616138
4.206503613118399,2.575142
4.210672595886604,2.581548
4.214841578654808,2.600764
4.219010561423013,2.603327
4.223179544191217,2.605889
4.227348526959422,2.599483
4.2315175097276265,2.593078
4.235686492495831,2.59564
4.239855475264036,2.593078
4.24402445803224,2.590515
4.248193440800445,2.590515
4.252362423568649,2.586672
4.256531406336854,2.586672
4.260700389105058,2.58411
4.264869371873263,2.585391
4.269038354641467,2.581548
4.273207337409672,2.58411
4.2773763201778765,2.582829
4.281545302946081,2.600764
4.285714285714286,2.587953
4.28988326848249,2.581548
4.294052251250695,2.577704
4.298221234018899,2.577704
4.302390216787104,2.577704
4.306559199555308,2.582829
4.310728182323513,2.576423
4.314897165091717,2.571299
4.319066147859922,2.568737
4.3232351306281265,2.570018
4.327404113396331,2.568737
4.331573096164536,2.563612
4.33574207893274,2.562331
4.339911061700945,2.558488
4.344080044469149,2.563612
4.348249027237354,2.559769
4.352418010005558,2.563612
4.356586992773763,2.559769
4.360755975541967,2.559769
4.364924958310172,2.553364
4.3690939410783765,2.553364
4.373262923846581,2.553364
4.3774319066147855,2.54952
4.38160088938299,2.550801
4.385769872151195,2.539272
4.389938854919399,2.505963
4.394107837687604,2.498276
4.398276820455809,2.525179
4.402445803224014,2.493152
4.406614785992218,2.513649
4.410783768760423,2.51493
4.414952751528627,2.521336
4.419121734296832,2.525179
4.423290717065036,2.525179
4.427459699833241,2.52646
4.4316286826014455,2.517493
4.43579766536965,2.523898
4.439966648137855,2.511087
4.444135630906059,2.517493
4.448304613674264,2.530304
4.452473596442468,2.539272
4.456642579210673,2.54952
4.460811561978877,2.589234
4.464980544747082,2.557207
4.469149527515286,2.559769
4.473318510283491,2.567456
4.4774874930516955,2.567456
4.4816564758199,2.576423
4.4858254585881046,2.585391
4.489994441356309,2.609732
4.494163424124514,2.634073
4.498332406892718,2.654571
4.502501389660923,2.668663
4.506670372429127,2.675068
4.510839355197332,2.684036
4.515008337965536,2.681473
4.519177320733741,2.680192
4.523346303501945,2.669944
4.52751528627015,2.655852
4.5316842690383545,2.646884
4.535853251806559,2.637916
4.540022234574764,2.625105
4.544191217342968,2.614856
4.548360200111173,2.608451
4.552529182879377,2.600764
4.556698165647582,2.594359
4.560867148415786,2.589234
4.565036131183991,2.586672
4.569205113952195,2.581548
4.5733740967204,2.576423
4.5775430794886045,2.571299
4.581712062256809,2.570018
4.585881045025014,2.564893
4.590050027793218,2.564893
4.594219010561423,2.557207
4.598387993329627,2.553364
4.602556976097832,2.553364
4.606725958866036,2.548239
4.610894941634241,2.541834
4.615063924402445,2.544396
4.61923290717065,2.539272
4.6234018899388545,2.539272
4.627570872707059,2.539272
4.631739855475264,2.532866
4.635908838243468,2.530304
4.640077821011673,2.527742
4.644246803779877,2.530304
4.648415786548083,2.525179
4.652584769316287,2.527742
4.656753752084492,2.521336
4.660922734852696,2.51493
4.665091717620901,2.520055
4.669260700389105,2.513649
4.67342968315731,2.513649
4.677598665925514,2.511087
4.681767648693719,2.52646
4.6859366314619235,2.532866
4.690105614230128,2.536709
4.694274596998333,2.535428
4.698443579766537,2.532866
4.702612562534742,2.532866
4.706781545302946,2.535428
4.710950528071151,2.536709
4.715119510839355,2.535428
4.71928849360756,2.531585
4.723457476375764,2.532866
4.727626459143969,2.535428
4.7317954419121735,2.530304
4.735964424680378,2.530304
4.740133407448583,2.530304
4.744302390216787,2.530304
4.748471372984992,2.531585
4.752640355753196,2.530304
4.756809338521401,2.532866
4.760978321289605,2.532866
4.76514730405781,2.534147
4.769316286826014,2.532866
4.773485269594219,2.532866
4.7776542523624235,2.535428
4.781823235130628,2.529023
4.785992217898833,2.530304
4.790161200667037,2.527742
4.794330183435242,2.52646
4.798499166203446,2.525179
4.802668148971651,2.52646
4.806837131739855,2.52646
4.81100611450806,2.522617
4.815175097276264,2.527742
4.819344080044469,2.523898
4.8235130628126734,2.525179
4.827682045580878,2.523898
4.8318510283490825,2.522617
4.836020011117287,2.521336
4.840188993885492,2.521336
4.844357976653696,2.522617
4.848526959421901,2.466249
4.852695942190105,2.441908
4.85686492495831,2.470743
4.861033907726514,2.488679
4.865202890494719,2.492522
4.869371873262923,2.496366
4.873540856031128,2.48996
4.8777098387993325,2.459214
4.881878821567537,2.479711
4.886047804335742,2.497647
4.890216787103946,2.487398
4.894385769872151,2.483555
4.898554752640356,2.483555
4.902723735408561,2.482273
4.906892718176765,2.483555
4.91106170094497,2.47843
4.915230683713174,2.474587
4.919399666481379,2.473306
4.923568649249583,2.473306
4.927737632017788,2.470743
4.9319066147859925,2.468181
4.936075597554197,2.4669
4.9402445803224015,2.464338
4.944413563090606,2.465619
4.948582545858811,2.460495
4.952751528627015,2.459214
4.95692051139522,2.45537
4.961089494163424,2.45537
4.965258476931629,2.450246
4.969427459699833,2.448965
4.973596442468038,2.448965
4.977765425236242,2.432311
4.981934408004447,2.434873
4.9861033907726515,2.434873
4.990272373540856,2.418218
4.994441356309061,2.464338
4.998610339077265,2.415656
5.00277932184547,2.463057
5.006948304613674,2.463057
5.011117287381879,2.505333
5.015286270150083,2.506614
5.019455252918288,2.504052
5.023624235686492,2.504052
5.027793218454697,2.50149
5.0319622012229015,2.505333
5.036131183991106,2.504052
5.040300166759311,2.474587
5.044469149527515,2.464338
5.04863813229572,2.528393
5.052807115063924,2.643692
5.056976097832129,2.624475
5.061145080600333,2.615508
5.065314063368538,2.596291
5.069483046136742,2.589886
5.073652028904947,2.580918
5.0778210116731515,2.577075
5.081989994441356,2.573231
5.086158977209561,2.580918
5.090327959977765,2.589886
5.09449694274597,2.59501
5.098665925514174,2.607821
5.102834908282379,2.616789
5.107003891050583,2.633443
5.111172873818788,2.659065
5.115341856586992,2.692374
5.119510839355197,2.766678
5.1236798221234015,2.825608
5.127848804891606,2.834576
5.1320177876598105,2.8397
5.136186770428015,2.835857
5.14035575319622,2.826889
5.144524735964424,2.834576
5.14869371873263,2.825608
5.152862701500834,2.808954
5.157031684269039,2.798705
5.161200667037243,2.787175
5.165369649805448,2.788456
5.169538632573652,2.824327
5.173707615341857,2.807673
5.177876598110061,2.793581
5.182045580878266,2.796143
5.1862145636464705,2.761553
5.190383546414675,2.76924
5.19455252918288,2.842263
5.198721511951084,2.902474
5.202890494719289,2.999838
5.207059477487493,3.06196
5.211228460255698,3.140107
5.215397443023902,3.240033
5.219566425792107,3.229784
5.223735408560311,3.29512
5.227904391328516,3.28359
5.2320733740967205,3.19007
5.236242356864925,3.206724
5.2404113396331296,3.120891
5.244580322401334,3.146513
5.248749305169539,3.168291
5.252918287937743,3.033776
5.257087270705948,2.988937
5.261256253474152,2.999186
5.265425236242357,2.955629
5.269594219010561,2.964597
5.273763201778766,2.992781
5.27793218454697,2.965878
5.282101167315175,2.890293
5.2862701500833795,2.892855
5.290439132851584,2.900542
5.294608115619789,2.869795
5.298777098387993,2.927445
5.302946081156198,2.821113
5.307115063924402,2.846735
5.311284046692607,2.818551
5.315453029460811,2.869795
5.319622012229016,2.877482
5.32379099499722,2.839049
5.327959977765425,2.832643
5.3321289605336295,2.810865
5.336297943301834,2.833924
5.340466926070039,2.705814
5.344635908838243,2.322766
5.348804891606448,2.90888
5.352973874374652,2.974216
5.357142857142857,3.022246
5.361311839911061,2.92232
5.365480822679266,2.928726
5.36964980544747,2.967159
5.373818788215675,2.906947
5.3779877709838795,2.901823
5.382156753752084,2.928726
5.386325736520289,2.992781
5.390494719288493,3.126015
5.394663702056698,3.270779
5.398832684824902,3.368143
5.403001667593108,3.460382
5.407170650361312,3.580865
5.411339633129517,3.666699
5.415508615897721,3.67951
5.419677598665926,3.651326
5.42384658143413,3.601363
5.428015564202335,3.544995
5.432184546970539,3.495032
5.436353529738744,3.443788
5.4405225125069485,3.393825
5.444691495275153,3.350267
5.448860478043358,3.315678
5.453029460811562,3.290056
5.457198443579767,3.261872
5.461367426347971,3.240093
5.465536409116176,3.217033
5.46970539188438,3.204222
5.473874374652585,3.187568
5.478043357420789,3.168351
5.482212340188994,3.164508
5.4863813229571985,3.147854
5.490550305725403,3.140167
5.494719288493608,3.127356
5.498888271261812,3.120951
5.503057254030017,3.111983
5.507226236798221,3.097891
5.511395219566426,3.090204
5.51556420233463,3.082518
5.519733185102835,3.077393
5.523902167871039,3.070988
5.528071150639244,3.070988
5.5322401334074485,3.060739
5.536409116175653,3.055615
5.5405780989438576,3.053052
5.544747081712062,3.046647
5.548916064480267,3.044085
5.553085047248471,3.03896
5.557254030016676,3.037679
5.56142301278488,3.029993
5.565591995553085,3.02743
5.569760978321289,3.022306
5.573929961089494,3.021025
5.578098943857698,3.014619
5.582267926625903,3.013338
5.5864369093941075,3.012057
5.590605892162312,3.010776
5.594774874930517,3.013338
5.598943857698721,3.005652
5.603112840466926,3.001808
5.60728182323513,2.999246
5.611450806003335,2.992841
5.615619788771539,2.994122
5.619788771539744,2.986435
5.623957754307948,2.983873
5.628126737076153,2.978749
5.6322957198443575,2.98003
5.636464702612562,2.974905
5.640633685380767,2.969781
5.644802668148971,2.969781
5.648971650917176,2.964657
5.653140633685381,2.964657
5.657309616453586,2.959532
5.66147859922179,2.955689
5.665647581989995,2.954408
5.669816564758199,2.951846
5.673985547526404,2.950564
5.678154530294608,2.948002
5.682323513062813,2.944159
5.6864924958310175,2.944099
5.690661478599222,2.944099
5.6948304613674265,2.938975
5.698999444135631,2.940256
5.703168426903836,2.93385
5.70733740967204,2.932569
5.711506392440245,2.930007
5.715675375208449,2.928726
5.719844357976654,2.923601
5.724013340744858,2.921039
5.728182323513063,2.918477
5.732351306281267,2.923601
5.736520289049472,2.917196
5.7406892718176765,2.91079
5.744858254585881,2.908228
5.749027237354086,2.906947
5.75319622012229,2.906947
5.757365202890495,2.904385
5.761534185658699,2.903104
5.765703168426904,2.903104
5.769872151195108,2.896698
5.774041133963313,2.897979
5.778210116731517,2.895417
5.782379099499722,2.890293
5.7865480822679265,2.88645
5.790717065036131,2.88645
5.794886047804336,2.883887
5.79905503057254,2.880044
5.803224013340745,2.882606
5.807392996108949,2.878763
5.811561978877154,2.878763
5.815730961645358,2.876201
5.819899944413563,2.872357
5.824068927181767,2.869795
5.828237909949972,2.868514
5.8324068927181765,2.867233
5.836575875486381,2.864671
5.840744858254586,2.86339
5.84491384102279,2.862109
5.849082823790995,2.86339
5.853251806559199,2.858265
5.857420789327404,2.858265
5.861589772095608,2.860827
5.865758754863813,2.856984
5.869927737632017,2.858265
5.874096720400222,2.858265
5.8782657031684264,2.844173
5.882434685936631,2.846735
5.8866036687048355,2.841611
5.89077265147304,2.858265
5.894941634241245,2.84033
5.899110617009449,2.877482
5.903279599777655,2.864671
5.907448582545859,2.872357
5.911617565314064,2.842892
5.915786548082268,2.819832
5.919955530850473,2.807021
5.924124513618677,2.854422
5.928293496386882,2.85186
5.932462479155086,2.878763
5.936631461923291,2.885168
5.9408004446914955,2.897979
5.9449694274597,2.869795
5.949138410227905,2.768588
5.953307392996109,2.787805
5.957476375764314,2.763464
5.961645358532518,2.716063
5.965814341300723,2.737842
5.969983324068927,2.766026
5.974152306837132,2.783962
5.978321289605336,2.792929
5.982490272373541,2.796772
5.9866592551417455,2.782681
5.99082823790995,2.789086
5.9949972206781545,2.781399
5.999166203446359,2.776275
6.003335186214564,2.772432
6.007504168982768,2.764745
6.011673151750973,2.762183
6.015842134519177,2.745528
6.020011117287382,2.736561
6.024180100055586,2.740404
6.028349082823791,2.744247
6.032518065591995,2.730155
6.0366870483602,2.703252
6.0408560311284045,2.704533
6.045025013896609,2.691722
6.049193996664814,2.680192
6.053362979433018,2.675068
6.057531962201223,2.668663
6.061700944969427,2.6661
6.065869927737632,2.6661
6.070038910505836,2.646884
6.074207893274041,2.630229
6.078376876042245,2.600764
6.08254585881045,2.625105
6.0867148415786545,2.644322
6.090883824346859,2.644322
6.095052807115064,2.649446
6.099221789883268,2.643041
6.103390772651473,2.643041
6.107559755419677,2.639197
6.111728738187882,2.632792
6.115897720956086,2.634073
6.120066703724291,2.631511
6.124235686492495,2.632792
6.1284046692607,2.628948
6.1325736520289045,2.628948
6.136742634797109,2.623824
6.140911617565314,2.625105
6.145080600333518,2.623824
6.149249583101723,2.627667
6.153418565869928,2.622543
6.157587548638133,2.622543
6.161756531406337,2.617419
6.165925514174542,2.577704
6.170094496942746,2.577704
6.174263479710951,2.625105
6.178432462479155,2.676349
6.18260144524736,2.686598
6.186770428015564,2.684036
6.190939410783769,2.68916
6.1951083935519735,2.681473
6.199277376320178,2.682755
6.203446359088383,2.682755
6.207615341856587,2.685317
6.211784324624792,2.682755
6.215953307392996,2.676349
6.220122290161201,2.681473
6.224291272929405,2.675068
6.22846025569761,2.673787
6.232629238465814,2.672506
6.236798221234019,2.671225
6.2409672040022235,2.6661
6.245136186770428,2.616138
6.249305169538633,2.554645
6.253474152306837,2.53799
6.257643135075042,2.557207
6.261812117843246,2.578986
6.265981100611451,2.605889
6.270150083379655,2.6187
6.27431906614786,2.630229
6.278488048916064,2.632792
6.282657031684269,2.630229
6.2868260144524735,2.630229
6.290994997220678,2.628948
6.2951639799888826,2.628948
6.299332962757087,2.622543
6.303501945525292,2.630229
6.307670928293496,2.630229
6.311839911061701,2.626386
6.316008893829905,2.625105
6.32017787659811,2.622543
6.324346859366314,2.621262
6.328515842134519,2.6187
6.332684824902723,2.6187
6.336853807670928,2.609732
6.3410227904391325,2.611013
6.345191773207337,2.605889
6.349360755975542,2.604608
6.353529738743746,2.604608
6.357698721511951,2.598202
6.361867704280155,2.600764
6.36603668704836,2.599483
6.370205669816564,2.598202
6.374374652584769,2.59564
6.378543635352973,2.594359
6.382712618121178,2.594359
6.3868816008893825,2.593078
6.391050583657587,2.589234
6.395219566425792,2.589234
6.399388549193996,2.586672
6.403557531962202,2.582829
6.407726514730406,2.585391
6.411895497498611,2.582829
6.416064480266815,2.585391
6.42023346303502,2.581548
6.424402445803224,2.581548
6.428571428571429,2.580267
6.432740411339633,2.576423
6.436909394107838,2.575142
6.4410783768760425,2.573861
6.445247359644247,2.570018
6.4494163424124515,2.570018
6.453585325180656,2.570018
6.457754307948861,2.571299
6.461923290717065,2.566175
6.46609227348527,2.564893
6.470261256253474,2.563612
6.474430239021679,2.559769
6.478599221789883,2.558488
6.482768204558088,2.563612
6.486937187326292,2.559769
6.491106170094497,2.557207
6.4952751528627015,2.557207
6.499444135630906,2.553364
6.503613118399111,2.557207
6.507782101167315,2.554645
6.51195108393552,2.554645
6.516120066703724,2.550801
6.520289049471929,2.54952
6.524458032240133,2.548239
6.528627015008338,2.545677
6.532795997776542,2.543115
6.536964980544747,2.545677
6.5411339633129515,2.545677
6.545302946081156,2.545677
6.549471928849361,2.544396
6.553640911617565,2.546958
6.55780989438577,2.546958
6.561978877153974,2.544396
6.566147859922179,2.539272
6.570316842690383,2.541834
6.574485825458588,2.540553
6.578654808226792,2.539272
6.582823790994997,2.53799
6.5869927737632015,2.532866
6.591161756531406,2.536709
6.595330739299611,2.535428
6.599499722067815,2.536709
6.60366870483602,2.536709
6.607837687604224,2.531585
6.612006670372429,2.531585
6.616175653140633,2.530304
6.620344635908838,2.527742
6.624513618677042,2.527742
6.628682601445247,2.527742
6.6328515842134514,2.523898
6.637020566981656,2.523898
6.6411895497498605,2.523898
6.645358532518065,2.518774
6.64952751528627,2.516212
6.653696498054474,2.520055
6.65786548082268,2.517493
6.662034463590884,2.517493
6.666203446359089,2.517493
6.670372429127293,2.518774
6.674541411895498,2.516212
6.678710394663702,2.513649
6.682879377431907,2.513649
6.687048360200111,2.513649
6.691217342968316,2.512368
6.6953863257365205,2.513649
6.699555308504725,2.513649
6.70372429127293,2.51493
6.707893274041134,2.512368
6.712062256809339,2.507244
6.716231239577543,2.511087
6.720400222345748,2.508525
6.724569205113952,2.507244
6.728738187882157,2.503401
6.732907170650361,2.503401
6.737076153418566,2.500839
6.7412451361867705,2.503401
6.745414118954975,2.500839
6.7495831017231795,2.496995
6.753752084491384,2.500839
6.757921067259589,2.498276
6.762090050027793,2.49059
6.766259032795998,2.493152
6.770428015564202,2.493152
6.774596998332407,2.494433
6.778765981100611,2.491871
6.782934963868816,2.49059
6.78710394663702,2.493152
6.791272929405225,2.491871
6.7954419121734295,2.489309
6.799610894941634,2.49059
6.803779877709839,2.489309
6.807948860478043,2.494433
6.812117843246248,2.489309
6.816286826014452,2.498276
6.820455808782657,2.495714
6.824624791550861,2.495714
6.828793774319066,2.494433
6.83296275708727,2.489309
6.837131739855475,2.489309
6.8413007226236795,2.484184
6.845469705391884,2.49059
6.849638688160089,2.485465
6.853807670928293,2.486746
6.857976653696498,2.482903
6.862145636464702,2.481622
6.866314619232907,2.481622
6.870483602001111,2.477779
6.874652584769316,2.477779
6.87882156753752,2.47906
6.882990550305725,2.47906
6.8871595330739295,2.472654
6.891328515842134,2.472654
6.895497498610339,2.472654
6.899666481378543,2.471373
6.903835464146748,2.471373
6.908004446914953,2.468811
6.912173429683158,2.471373
6.916342412451362,2.464968
6.920511395219567,2.464968
6.924680377987771,2.464968
6.928849360755976,2.462405
6.93301834352418,2.464968
6.937187326292385,2.461124
6.941356309060589,2.459843
6.945525291828794,2.461124
6.9496942745969985,2.463687
6.953863257365203,2.456
6.958032240133408,2.461124
6.962201222901612,2.461124
6.966370205669817,2.459843
6.970539188438021,2.470092
6.974708171206226,2.466249
6.97887715397443,2.471373
6.983046136742635,2.477779
6.987215119510839,2.489309
6.991384102279044,2.499557
6.9955530850472485,2.509806
6.999722067815453,2.512368
7.003891050583658,2.521336
7.008060033351862,2.530304
7.012229016120067,2.531585
7.016397998888271,2.531585
7.020566981656476,2.529023
7.02473596442468,2.52646
7.028904947192885,2.531585
7.033073929961089,2.523898
7.037242912729294,2.522617
7.0414118954974985,2.520055
7.045580878265703,2.521336
7.0497498610339075,2.518774
7.053918843802112,2.512368
7.058087826570317,2.513649
7.062256809338521,2.511087
7.066425792106726,2.527742
7.07059477487493,2.557207
7.074763757643135,2.596921
7.078932740411339,2.625105
7.083101723179544,2.659695
7.087270705947748,2.699409
7.091439688715953,2.691722
7.0956086714841575,2.707096
7.099777654252362,2.762183
7.103946637020567,2.75834
7.108115619788771,2.753215
7.112284602556976,2.757058
7.11645358532518,2.745528
7.120622568093385,2.732718
7.124791550861589,2.718626
7.128960533629794,2.719907
7.133129516397998,2.708377
7.137298499166203,2.691722
7.1414674819344075,2.682755
7.145636464702612,2.673787
7.149805447470817,2.671225
7.153974430239021,2.673787
7.158143413007227,2.667382
7.162312395775431,2.663538
7.166481378543636,2.659695
7.17065036131184,2.6661
7.174819344080045,2.694284
7.178988326848249,2.695566
7.183157309616454,2.693003
7.187326292384658,2.693003
7.191495275152863,2.707096
7.1956642579210675,2.730155
7.199833240689272,2.753215
7.2040022234574765,2.762183
7.208171206225681,2.771151
7.212340188993886,2.774994
7.21650917176209,2.796772
7.220678154530295,2.79421
7.224847137298499,2.835206
7.229016120066704,2.821113
7.233185102834908,2.808302
7.237354085603113,2.776275
7.241523068371317,2.777556
7.245692051139522,2.778837
7.2498610339077265,2.801897
7.254030016675931,2.790367
7.258198999444136,2.776275
7.26236798221234,2.749372
7.266536964980545,2.690441
7.270705947748749,2.695566
7.274874930516954,2.705814
7.279043913285158,2.694284
7.283212896053363,2.696847
7.287381878821567,2.698128
7.291550861589772,2.691722
7.2957198443579765,2.693003
7.299888827126181,2.705814
7.304057809894386,2.742966
7.30822679266259,2.795491
7.312395775430795,2.87492
7.316564758198999,2.958191
7.320733740967204,3.044025
7.324902723735408,3.106799
7.329071706503613,3.091425
7.333240689271817,3.072209
7.337409672040022,3.074771
7.3415786548082265,3.082458
7.345747637576431,3.128577
7.3499166203446356,3.218254
7.35408560311284,3.314337
7.358254585881045,3.402733
7.362423568649249,3.261812
7.366592551417454,3.383516
7.370761534185658,3.404014
7.374930516953863,3.368143
7.379099499722067,3.269498
7.383268482490272,3.252844
7.387437465258476,3.241314
7.391606448026681,3.251563
7.3957754307948855,3.302807
7.39994441356309,3.375829
7.404113396331295,3.466788
7.4082823790995,3.577022
7.412451361867705,3.628266
7.416620344635909,3.638515
7.420789327404114,3.630828
7.424958310172318,3.602644
7.429127292940523,3.546276
7.433296275708727,3.474534
7.437465258476932,3.418166
7.441634241245136,3.427134
7.445803224013341,3.410479
7.4499722067815455,3.31824
7.45414118954975,3.297742
7.458310172317955,3.255466
7.462479155086159,3.156821
7.466648137854364,3.105577
7.470817120622568,3.060739
7.474986103390773,3.012057
7.479155086158977,2.99156
7.483324068927182,3.068426
7.487493051695386,3.097891
7.491662034463591,3.115826
7.4958310172317955,3.177319
7.5,3.188849
7.5041689827682045,3.218314
7.508337965536409,3.228563
7.512506948304614,3.181162
7.516675931072818,3.179881
7.520844913841023,3.176038
7.525013896609227,3.16707
7.529182879377432,3.152978
7.533351862145636,3.137605
7.537520844913841,3.124794
7.541689827682045,3.117107
7.54585881045025,3.109421
7.5500277932184545,3.099172
7.554196775986659,3.091486
7.558365758754864,3.083799
7.562534741523068,3.074831
7.566703724291273,3.069707
7.570872707059477,3.060739
7.575041689827682,3.047928
7.579210672595886,3.046647
7.583379655364091,3.035117
7.587548638132295,3.031274
7.5917176209005,3.022306
7.5958866036687045,3.021025
7.600055586436909,3.010776
7.604224569205114,3.008214
7.608393551973318,3.004371
7.612562534741523,3.013338
7.616731517509727,3.035117
7.620900500277932,3.064582
7.625069483046136,3.08508
7.629238465814341,3.069707
7.633407448582545,2.959532
7.63757643135075,2.917256
7.6417454141189545,2.868514
7.645914396887159,2.800616
7.650083379655364,3.010716
7.654252362423568,3.168291
7.658421345191773,3.117048
7.662590327959978,3.142669
7.666759310728183,3.140107
7.670928293496387,3.134983
7.675097276264592,3.129858
7.679266259032796,3.123453
7.683435241801001,3.117048
7.687604224569205,3.128577
7.69177320733741,3.195194
7.695942190105614,3.287434
7.700111172873819,3.348927
7.7042801556420235,3.425792
7.708449138410228,3.478317
7.712618121178433,3.534746
7.716787103946637,3.555243
7.720956086714842,3.564211
7.725125069483046,3.573179
7.729294052251251,3.58599
7.733463035019455,3.600082
7.73763201778766,3.600082
7.741801000555864,3.589833
7.745969983324069,3.569335
7.7501389660922735,3.544995
7.754307948860478,3.509124
7.758476931628683,3.478378
7.762645914396887,3.44635
7.766814897165092,3.420728
7.770983879933296,3.397668
7.775152862701501,3.374609
7.779321845469705,3.355392
7.78349082823791,3.342581
7.787659811006114,3.320802
7.791828793774319,3.305429
7.7959977765425235,3.274683
7.800166759310728,3.260591
7.8043357420789325,3.261872
7.808504724847137,3.274683
7.812673707615342,3.286212
7.816842690383546,3.260591
7.821011673151751,3.222157
7.825180655919955,3.208066
7.82934963868816,3.226001
7.833518621456364,3.275964
7.837687604224569,3.3887
7.841856586992773,3.534746
7.846025569760978,3.659013
7.8501945525291825,3.81915
7.854363535297387,3.897297
7.858532518065592,3.939573
7.862701500833796,3.979418
7.866870483602001,3.939704
7.871039466370205,3.903833
7.87520844913841,3.847465
7.879377431906614,3.793658
7.883546414674819,3.757788
7.887715397443023,3.705263
7.891884380211228,3.652738
7.8960533629794325,3.621991
7.900222345747637,3.605337
7.904391328515842,3.580996
7.908560311284046,3.561779
7.912729294052252,3.533595
7.916898276820456,3.514379
7.921067259588661,3.496443
7.925236242356865,3.466978
7.92940522512507,3.455448
7.933574207893274,3.443918
7.937743190661479,3.429826
7.941912173429683,3.450193
7.946081156197888,3.447631
7.9502501389660925,3.489907
7.954419121734297,3.603925
7.9585881045025015,3.694883
7.962757087270706,3.733316
7.966926070038911,3.738441
7.971095052807115,3.728192
7.97526403557532,3.776874
7.979433018343524,3.906265
7.983602001111729,4.047186
7.987770983879933,4.186956
7.991939966648138,4.397057
7.996108949416342,4.458549
8.000277932184547,4.515388
8.004446914952752,4.507701
8.008615897720956,4.578162
8.01278488048916,4.716521
8.016953863257365,4.875377
8.02112284602557,5.020141
8.025291828793774,5.174222
8.029460811561979,5.215218
8.033629794330183,5.199844
8.037798777098388,5.189596
8.041967759866592,5.142195
8.046136742634797,5.016647
8.050305725403001,4.875726
8.054474708171206,4.742492
8.05864369093941,4.627193
8.062812673707615,4.523424
8.06698165647582,4.452963
8.071150639244024,4.349194
8.075319622012229,4.332191
8.079488604780433,4.325785
8.083657587548638,4.348845
8.087826570316842,4.233546
8.091995553085047,4.189989
8.096164535853251,4.305288
8.100333518621456,4.491047
8.10450250138966,4.640936
8.108671484157865,4.656309
8.11284046692607,4.316818
8.117009449694274,4.357813
8.121178432462479,4.497453
8.125347415230683,4.519231
8.129516397998888,4.556383
8.133685380767092,4.534605
8.137854363535297,4.383435
8.142023346303501,3.915833
8.146192329071706,4.126744
8.15036131183991,4.303536
8.154530294608115,4.352218
8.15869927737632,4.267665
8.162868260144524,4.247168
8.167037242912729,4.221546
8.171206225680933,4.210016
8.175375208449138,4.211297
8.179544191217342,4.197205
8.183713173985547,4.186956
8.187882156753751,4.180551
8.192051139521956,4.179269
8.19622012229016,4.153647
8.200389105058365,4.153647
8.20455808782657,4.138274
8.208727070594774,4.116496
8.212896053362979,4.09856
8.217065036131183,4.084468
8.221234018899388,4.066533
8.225403001667592,4.055003
8.229571984435797,4.042192
8.233740967204001,4.029381
8.237909949972206,4.029381
8.24207893274041,4.056284
8.246247915508615,4.145961
8.25041689827682,4.257417
8.254585881045024,4.375278
8.258754863813229,4.457268
8.262923846581433,4.539729
8.267092829349638,4.619157
8.271261812117842,4.766484
8.275430794886047,4.745986
8.279599777654251,4.69218
8.283768760422456,4.698586
8.287937743190662,4.69218
8.292106725958867,4.667839
8.296275708727071,4.616595
8.300444691495276,4.471831
8.30461367426348,4.37831
8.308782657031685,4.351408
8.31295163979989,4.336034
8.317120622568094,4.323223
8.321289605336299,4.325785
8.325458588104503,4.315536
8.329627570872708,4.375748
8.333796553640912,4.558946
8.337965536409117,4.793386
8.342134519177321,5.044482
8.346303501945526,5.211374
8.35047248471373,5.231872
8.354641467481935,5.272867
8.35881045025014,5.275429
8.362979433018344,5.262618
8.367148415786549,5.312581
8.371317398554753,5.254931
8.375486381322958,5.226748
8.379655364091162,5.238277
8.383824346859367,5.277991
8.387993329627571,5.408664
8.392162312395776,5.553428
8.39633129516398,5.716923
8.400500277932185,5.843752
8.40466926070039,5.882185
8.408838243468594,5.857844
8.413007226236799,5.8066
8.417176209005003,5.733577
8.421345191773208,5.637495
8.425514174541412,5.470952
8.429683157309617,5.330031
8.433852140077821,5.224981
8.438021122846026,5.1084
8.44219010561423,5.03794
8.446359088382435,5.008475
8.45052807115064,4.830402
8.454697053918844,4.69381
8.458866036687049,4.668188
8.463035019455253,4.733524
8.467204002223458,4.734805
8.471372984991662,4.729681
8.475541967759867,4.75274
8.479710950528071,4.953873
8.483879933296276,5.178066
8.48804891606448,5.367668
8.492217898832685,5.540617
8.49638688160089,5.679771
8.500555864369094,5.668241
8.504724847137298,5.540131
8.508893829905503,5.300566
8.513062812673708,5.208326
8.517231795441912,5.232667
8.521400778210117,5.144271
8.525569760978321,4.922641
8.529738743746526,4.884694
8.53390772651473,4.962841
8.538076709282935,4.946187
8.54224569205114,4.983338
8.546414674819344,4.992306
8.550583657587548,4.989744
8.554752640355753,5.053799
8.558921623123958,5.134508
8.563090605892162,5.226748
8.567259588660367,5.329236
8.571428571428571,5.336922
8.575597554196776,5.357419
8.57976653696498,5.326673
8.583935519733185,5.057642
8.58810450250139,4.901348
8.592273485269594,4.695091
8.596442468037798,4.523424
8.600611450806003,4.347913
8.604780433574208,4.351408
8.608949416342412,4.298882
8.613118399110617,4.201519
8.617287381878821,4.12081
8.621456364647026,4.095187
8.62562534741523,4.058035
8.629794330183435,4.073409
8.63396331295164,4.079814
8.638132295719844,4.033695
8.642301278488048,4.137464
8.646470261256253,4.160523
8.650639244024457,4.241233
8.654808226792662,4.471831
8.658977209560867,4.708834
8.663146192329071,4.892031
8.667315175097276,5.017579
8.67148415786548,5.071734
8.675653140633685,5.092232
8.67982212340189,5.079421
8.683991106170094,4.993587
8.688160088938298,4.89238
8.692329071706503,4.770676
8.696498054474707,4.524705
8.700667037242912,4.34407
8.704836020011117,4.397527
8.709005002779321,4.351408
8.713173985547526,4.257887
8.71734296831573,4.084939
8.721511951083935,4.15668
8.72568093385214,4.083657
8.729849916620344,4.047787
8.734018899388548,4.385997
8.738187882156753,4.623001
8.742356864924957,4.783138
8.746525847693162,4.845912
8.750694830461367,4.824133
8.754863813229571,4.713959
8.759032795997776,4.652466
8.76320177876598,4.672963
8.767370761534185,4.612751
8.77153974430239,4.56407
8.775708727070594,4.630687
8.779877709838798,4.799792
8.784046692607003,5.057293
8.788215675375207,5.060205
8.792384658143414,5.003836
8.796553640911618,4.874445
8.800722623679823,4.424779
8.804891606448027,3.929925
8.809060589216232,3.716793
8.813229571984436,3.815437
8.817398554752641,3.707825
8.821567537520846,3.641208
8.82573652028905,3.88846
8.829905503057255,4.014008
8.83407448582546,4.174145
8.838243468593664,4.131869
8.842412451361868,4.218984
8.846581434130073,4.251011
8.850750416898277,4.235638
8.854919399666482,4.156209
8.859088382434686,4.088311
8.863257365202891,4.043473
8.867426347971096,4.012726
8.8715953307393,4.074219
8.875764313507505,4.27279
8.87993329627571,4.409867
8.884102279043914,4.403462
8.888271261812118,4.580254
8.892440244580323,4.745986
8.896609227348527,4.760078
8.900778210116732,4.631968
8.904947192884936,4.567913
8.909116175653141,4.542291
8.913285158421345,4.532043
8.91745414118955,4.589692
8.921623123957755,4.502577
8.92579210672596,4.47055
8.929961089494164,4.510263
8.934130072262368,4.462863
8.938299055030573,4.397527
8.942468037798777,4.512826
8.946637020566982,4.465425
8.950806003335186,4.338596
8.954974986103391,4.473112
8.959143968871595,4.525637
8.9633129516398,4.52948
8.967481934408005,4.502577
8.971650917176209,4.430836
8.975819899944414,4.369343
8.979988882712618,4.312974
8.984157865480823,4.257887
8.988326848249027,4.243795
8.992495831017232,4.301445
8.996664813785436,4.283509
9.000833796553641,4.321942
9.005002779321845,4.334753
9.00917176209005,4.418025
9.013340744858255,4.462863
9.017509727626459,4.704991
9.021678710394664,4.866409
9.025847693162868,4.947119
9.030016675931073,5.002555
9.034185658699277,4.988463
9.038354641467482,4.89238
9.042523624235686,4.830888
9.04669260700389,4.774519
9.050861589772095,4.723275
9.0550305725403,4.655377
9.059199555308505,4.607976
9.063368538076709,4.584917
9.067537520844914,4.546484
9.071706503613118,4.550327
9.075875486381323,4.590041
9.080044469149527,4.618225
9.084213451917732,4.618225
9.088382434685936,4.587479
9.09255141745414,4.601571
9.096720400222345,4.590041
9.10088938299055,4.382503
9.105058365758754,4.384716
9.109227348526959,4.446208
9.113396331295164,4.532043
9.117565314063368,4.498734
9.121734296831573,4.54101
9.125903279599777,4.542291
9.130072262367982,4.503858
9.134241245136186,4.487204
9.13841022790439,4.501296
9.142579210672595,4.444928
9.1467481934408,4.593535
9.150917176209004,4.886907
9.155086158977209,5.073947
9.159255141745414,5.306176
9.163424124513618,5.367668
9.167593107281823,5.40482
9.171762090050027,5.540617
9.175931072818232,5.687458
9.180100055586436,5.788664
9.18426903835464,5.846314
9.188438021122845,5.887309
9.19260700389105,5.87706
9.196775986659254,5.811724
9.200944969427459,5.698987
9.205113952195664,5.556786
9.209282934963868,5.458141
9.213451917732073,5.418427
9.217620900500277,5.141709
9.221789883268482,5.081498
9.225958866036686,5.009756
9.23012784880489,4.964917
9.234296831573095,4.934171
9.2384658143413,4.893661
9.242634797109504,4.859072
9.246803779877709,4.888537
9.250972762645914,4.859072
9.255141745414118,4.95003
9.259310728182323,5.016647
9.263479710950527,5.075578
9.267648693718732,5.161411
9.271817676486936,5.301051
9.27598665925514,5.251088
9.280155642023345,5.196001
9.28432462479155,5.181909
9.288493607559754,5.212656
9.29266259032796,5.233153
9.296831573096165,5.263899
9.30100055586437,5.263899
9.305169538632574,5.261337
9.309338521400779,5.252369
9.313507504168983,5.247245
9.317676486937188,5.256213
9.321845469705393,5.265181
9.326014452473597,4.423498
9.330183435241802,4.295039
9.334352418010006,4.254044
9.33852140077821,4.498734
9.342690383546415,4.596097
9.34685936631462,4.549978
9.351028349082824,4.76264
9.355197331851029,5.043201
9.359366314619233,5.107605
9.363535297387438,5.339484
9.367704280155642,5.302332
9.371873262923847,5.506027
9.376042245692052,5.447892
9.380211228460256,5.495293
9.38438021122846,5.839909
9.388549193996665,5.640057
9.39271817676487,5.641338
9.396887159533074,5.53885
9.401056142301279,5.441486
9.405225125069483,5.345404
9.409394107837688,5.255727
9.413563090605892,5.149396
9.417732073374097,5.14299
9.421901056142302,5.195515
9.426070038910506,5.207045
9.43023902167871,5.205764
9.434408004446915,5.198078
9.43857698721512,5.198078
9.442745969983324,5.198078
9.446914952751529,5.216013
9.451083935519733,5.235229
9.455252918287938,5.253165
9.459421901056142,5.25957
9.463590883824347,5.260851
9.467759866592552,5.254446
9.471928849360756,5.249321
9.47609783212896,5.265976
9.480266814897165,5.265976
9.48443579766537,5.276225
9.488604780433574,5.274943
9.492773763201779,5.265976
9.496942745969983,5.369745
9.501111728738188,5.418427
9.505280711506392,5.446611
9.509449694274597,5.354372
9.513618677042802,5.267257
9.517787659811006,5.276225
9.52195664257921,5.285192
9.526125625347415,5.342842
9.53029460811562,5.467108
9.534463590883824,5.508104
9.538632573652029,5.499136
9.542801556420233,5.552942
9.546970539188438,5.636214
9.551139521956642,5.675928
9.555308504724847,5.70155
9.559477487493051,5.742545
9.563646470261256,5.775854
9.56781545302946,5.81813
9.571984435797665,5.838627
9.57615341856587,5.791227
9.580322401334074,5.859125
9.584491384102279,5.883466
9.588660366870483,5.751513
9.592829349638688,5.595219
9.596998332406892,5.486325
9.601167315175097,5.409459
9.605336297943301,5.428676
9.609505280711506,5.450454
9.61367426347971,5.438924
9.617843246247915,5.404335
9.62201222901612,5.417146
9.626181211784324,5.42227
9.630350194552529,5.350528
9.634519177320733,5.412021
9.638688160088938,5.455578
9.642857142857142,5.412021
9.647026125625347,5.344123
9.651195108393551,5.195515
9.655364091161756,5.100714
9.65953307392996,5.159645
9.663702056698165,5.163488
9.66787103946637,5.100714
9.672040022234574,5.151958
9.676209005002779,5.180142
9.680377987770983,5.292879
9.684546970539188,5.331312
9.688715953307392,5.356934
9.692884936075597,5.304409
9.697053918843801,5.2237
9.701222901612006,5.126336
9.70539188438021,5.137866
9.709560867148415,5.076373
9.71372984991662,5.035378
9.717898832684824,5.050751
9.722067815453029,5.181423
9.726236798221233,5.267257
9.730405780989438,5.326188
9.734574763757642,5.581126
9.738743746525847,5.677209
9.742912729294051,5.665679
9.747081712062256,5.631089
9.75125069483046,5.572159
9.755419677598665,5.382556
9.75958866036687,5.386399
9.763757643135074,5.308252
9.767926625903279,5.242916
9.772095608671483,5.000788
9.776264591439688,5.059719
9.780433574207892,5.028972
9.784602556976097,4.893176
9.788771539744301,5.037145
9.792940522512506,5.295927
9.797109505280712,5.507308
9.801278488048917,5.628527
9.805447470817121,5.842471
9.809616453585326,5.962894
9.81378543635353,5.897875
9.817954419121735,5.956806
9.82212340188994,5.841507
9.826292384658144,5.637812
9.830461367426349,5.633969
9.834630350194553,5.63525
9.838799332962758,5.540448
9.842968315730962,5.462301
9.847137298499167,5.373906
9.851306281267371,5.299284
9.855475264035576,5.235229
9.85964424680378,5.183985
9.863813229571985,5.132741
9.86798221234019,5.10712
9.872151195108394,5.041783
9.876320177876599,5.011037
9.880489160644803,4.999507
9.884658143413008,4.995664
9.888827126181212,4.987977
9.892996108949417,4.911111
9.897165091717621,4.884694
9.901334074485826,4.888537
9.90550305725403,4.873164
9.909672040022235,4.82192
9.91384102279044,4.905191
9.918010005558644,4.743773
9.922178988326849,4.43759
9.926347971095053,4.87957
9.930516953863258,5.115292
9.934685936631462,5.137071
9.938854919399667,5.151163
9.943023902167871,5.224185
9.947192884936076,5.308738
9.95136186770428,5.363825
9.955530850472485,5.518838
9.95969983324069,5.638776
9.963868816008894,5.677209
9.968037798777099,5.683614
9.972206781545303,5.600343
9.976375764313508,5.362058
9.980544747081712,5.313376
9.984713729849917,5.546536
9.988882712618121,5.319782
9.993051695386326,5.257008
9.99722067815453,5.355653
10.001389660922735,5.262133
10.00555864369094,5.227543
10.009727626459144,5.18911
10.013896609227348,5.137866
10.018065591995553,4.953388
10.022234574763758,4.999507
10.026403557531962,5.000788
10.030572540300167,4.989258
10.034741523068371,5.057157
10.038910505836576,5.069968
10.04307948860478,5.1084
10.047248471372985,5.027691
10.05141745414119,5.059719
10.055586436909394,5.11993
10.059755419677598,5.121212
10.063924402445803,5.09559
10.068093385214008,5.089184
10.072262367982212,5.071249
10.076431350750417,4.982853
10.080600333518621,5.171175
10.084769316286826,5.031535
10.08893829905503,5.436362
10.093107281823235,5.647744
10.09727626459144,5.878342
10.101445247359644,6.009014
10.105614230127848,5.512264
10.109783212896053,5.30985
10.113952195664258,4.972604
10.118121178432462,5.420989
10.122290161200667,5.998765
10.126459143968871,6.316795
10.130628126737076,6.566609
10.13479710950528,6.637925
10.138966092273485,6.572589
10.14313507504169,6.197227
10.147304057809894,5.809053
10.151473040578098,5.508421
10.155642023346303,5.481518
10.159811006114507,5.521232
10.163979988882712,5.628844
10.168148971650917,5.618596
10.172317954419121,5.803074
10.176486937187326,6.259145
10.18065591995553,6.46284
10.184824902723735,6.516221
10.18899388549194,6.578994
10.193162868260144,6.727602
10.197331851028348,6.80703
10.201500833796553,6.464976
10.205669816564757,6.456009
10.209838799332962,6.444479
10.214007782101167,6.334304
10.218176764869371,6.31765
10.222345747637576,6.260001
10.22651473040578,6.338148
10.230683713173985,6.452166
10.23485269594219,6.589243
10.239021678710394,6.768597
10.243190661478598,6.91208
10.247359644246803,7.056845
10.251528627015007,7.062757
10.255697609783212,6.647681
10.259866592551417,6.696362
10.264035575319621,6.745044
10.268204558087826,6.846251
10.27237354085603,6.805256
10.276542523624235,7.119125
10.28071150639244,6.974361
10.284880489160644,7.370221
10.289049471928848,6.876997
10.293218454697053,7.046103
10.29738743746526,6.89109
10.301556420233464,6.701487
10.305725403001668,6.706611
10.309894385769873,6.752731
10.314063368538077,6.778353
10.318232351306282,6.880841
10.322401334074486,7.202397
10.326570316842691,7.153715
10.330739299610896,7.103752
10.3349082823791,7.107595
10.339077265147305,7.167807
10.34324624791551,7.4394
10.347415230683714,7.524656
10.351584213451918,7.584867
10.355753196220123,7.870553
10.359922178988327,7.463163
10.364091161756532,7.487504
10.368260144524736,7.548996
10.372429127292941,7.578462
10.376598110061146,7.589992
10.38076709282935,7.752691
10.384936075597555,7.847493
10.38910505836576,7.560526
10.393274041133964,7.989695
10.397443023902168,8.090402
10.401612006670373,8.016098
10.405780989438577,7.305087
10.409949972206782,6.805959
10.414118954974986,7.096066
10.418287937743191,7.304885
10.422456920511395,7.08966
10.4266259032796,7.552137
10.430794886047805,8.074247
10.43496386881601,8.491385
10.439132851584214,8.612396
10.443301834352418,8.646986
10.447470817120623,8.576525
10.451639799888827,8.517594
10.455808782657032,8.41895
10.459977765425236,8.327991
10.464146748193441,8.288278
10.468315730961645,8.246001
10.47248471372985,8.224223
10.476653696498055,8.228066
10.480822679266259,8.219098
10.484991662034464,8.229347
10.489160644802668,8.251126
10.493329627570873,8.167854
10.497498610339077,8.181947
10.501667593107282,8.175541
10.505836575875486,8.172978
10.510005558643691,8.166574
10.514174541411895,8.130702
10.5183435241801,8.124297
10.522512506948305,8.153762
10.526681489716509,8.178103
10.530850472484714,8.188352
10.535019455252918,8.18579
10.539188438021123,8.179384
10.543357420789327,8.161448
10.547526403557532,8.131984
10.551695386325736,8.024371
10.55586436909394,8.06921
10.560033351862145,8.014122
10.56420233463035,8.02309
10.568371317398555,8.167854
10.572540300166759,8.450977
10.576709282934964,8.767409
10.580878265703168,8.916017
10.585047248471373,9.033083
10.589216231239577,9.179128
10.593385214007782,9.17016
10.597554196775986,9.153506
10.60172317954419,9.133008
10.605892162312395,9.084327
10.6100611450806,8.985682
10.614230127848804,8.897286
10.618399110617009,8.826825
10.622568093385214,8.757647
10.626737076153418,8.720494
10.630906058921623,8.665407
10.635075041689827,8.634661
10.639244024458032,8.642347
10.643413007226236,8.59879
10.64758198999444,8.569324
10.651750972762645,8.609038
10.65591995553085,8.642347
10.660088938299054,8.647471
10.664257921067259,8.651315
10.668426903835464,8.685905
10.672595886603668,8.779425
10.676764869371873,8.942124
10.680933852140077,9.097137
10.685102834908282,9.199626
10.689271817676486,9.243183
10.69344080044469,9.2624
10.697609783212895,9.252151
10.7017787659811,9.235497
10.705947748749304,9.20475
10.710116731517509,9.162474
10.714285714285714,9.103543
10.718454697053918,9.051018
10.722623679822123,9.015147
10.726792662590327,8.972871
10.730961645358532,8.931875
10.735130628126736,8.921627
10.73929961089494,8.910097
10.743468593663145,8.906254
10.74763757643135,8.894724
10.751806559199554,8.899848
10.755975541967759,8.896005
10.760144524735964,8.867821
10.764313507504168,8.894724
10.768482490272373,8.898567
10.772651473040577,8.906254
10.776820455808782,8.907535
10.780989438576986,8.91266
10.78515842134519,8.898567
10.789327404113395,8.890881
10.7934963868816,8.884475
10.797665369649804,8.880631
10.80183435241801,8.881913
10.806003335186215,8.881913
10.81017231795442,8.860134
10.814341300722624,8.847323
10.818510283490829,8.844761
10.822679266259033,8.844761
10.826848249027238,8.860134
10.831017231795443,8.853728
10.835186214563647,8.858853
10.839355197331852,8.856291
10.843524180100056,8.848604
10.84769316286826,8.847323
10.851862145636465,8.837074
10.85603112840467,8.693591
10.860200111172874,8.624412
10.864369093941079,8.676937
10.868538076709283,8.792235
10.872707059477488,8.793517
10.876876042245692,8.853728
10.881045025013897,8.890881
10.885214007782102,8.921627
10.889382990550306,8.917784
10.89355197331851,8.584698
10.897720956086715,8.304137
10.90188993885492,7.814271
10.906058921623124,8.060936
10.910227904391329,8.360713
10.914396887159533,8.474731
10.918565869927738,8.53553
10.922734852695942,8.59318
10.926903835464147,8.580368
10.931072818232352,8.55859
10.935241801000556,8.612396
10.93941078376876,8.646986
10.943579766536965,8.694386
10.94774874930517,8.73282
10.951917732073374,8.755879
10.956086714841579,8.773814
10.960255697609783,8.767409
10.964424680377988,8.749474
10.968593663146192,8.744349
10.972762645914397,8.72129
10.976931628682602,8.690543
10.981100611450806,8.680294
10.98526959421901,8.661077
10.989438576987215,8.649548
10.99360755975542,8.634174
10.997776542523624,8.61624
11.001945525291829,8.608553
11.006114508060033,8.589336
11.010283490828238,8.567557
11.014452473596442,8.557308
11.018621456364647,8.549622
11.022790439132852,8.589336
11.026959421901056,8.684137
11.03112840466926,8.835307
11.035297387437465,8.973666
11.03946637020567,9.112511
11.043635352973874,9.172723
11.047804335742079,9.189377
11.051973318510283,9.177847
11.056142301278488,9.14582
11.060311284046692,9.100981
11.064480266814897,9.048456
11.068649249583101,8.986963
11.072818232351306,8.931875
11.07698721511951,8.869102
11.081156197887715,8.828107
11.08532518065592,8.784549
11.089494163424124,8.746117
11.093663146192329,8.716651
11.097832128960533,8.674375
11.102001111728738,8.647471
11.106170094496942,8.628255
11.110339077265147,8.607758
11.114508060033351,8.594947
11.118677042801556,8.573168
11.12284602556976,8.583417
11.127015008337965,8.615444
11.13118399110617,8.653877
11.135352973874374,8.675655
11.139521956642579,8.694872
11.143690939410783,8.69231
11.147859922178988,8.670531
11.152028904947192,8.665407
11.156197887715397,8.63338
11.160366870483601,8.61032
11.164535853251806,8.589822
11.16870483602001,8.568044
11.172873818788215,8.55267
11.17704280155642,8.541141
11.181211784324624,8.538578
11.185380767092829,8.530891
11.189549749861033,8.521924
11.193718732629238,8.511675
11.197887715397442,8.495021
11.202056698165647,8.491178
11.206225680933851,8.477085
11.210394663702056,8.464274
11.21456364647026,8.450182
11.218732629238465,8.448901
11.22290161200667,8.454025
11.227070594774874,8.457869
11.231239577543079,8.461712
11.235408560311283,8.460431
11.239577543079488,8.454025
11.243746525847692,8.44762
11.247915508615897,8.434809
11.252084491384101,8.418155
11.256253474152306,8.398452
11.26042245692051,8.380517
11.264591439688715,8.381798
11.26876042245692,8.357457
11.272929405225124,8.333117
11.277098387993329,8.299808
11.281267370761533,8.196038
11.285436353529738,8.114048
11.289605336297942,8.138389
11.293774319066147,8.17426
11.297943301834351,8.165292
11.302112284602558,8.152481
11.306281267370762,8.148638
11.310450250138967,8.138389
11.314619232907171,8.16273
11.318788215675376,8.169135
11.32295719844358,8.172978
11.327126181211785,8.166574
11.33129516397999,8.097394
11.335464146748194,8.160168
11.339633129516399,8.183228
11.343802112284603,8.187071
11.347971095052808,8.18579
11.352140077821012,8.180665
11.356309060589217,8.167854
11.360478043357421,8.164011
11.364647026125626,8.18579
11.36881600889383,8.260094
11.372984991662035,8.375393
11.37715397443024,8.480443
11.381322957198444,8.566277
11.385491939966649,8.608553
11.389660922734853,8.639299
11.393829905503058,8.655953
11.397998888271262,8.598304
11.402167871039467,8.59446
11.406336853807671,8.557308
11.410505836575876,8.517594
11.41467481934408,8.50094
11.418843802112285,8.459945
11.42301278488049,8.436885
11.427181767648694,8.399734
11.431350750416899,8.386923
11.435519733185103,8.37155
11.439688715953308,8.352333
11.443857698721512,8.333117
11.448026681489717,8.319024
11.452195664257921,8.311337
11.456364647026126,8.30237
11.46053362979433,8.294683
11.464702612562535,8.280591
11.46887159533074,8.270342
11.473040578098944,8.261374
11.477209560867148,8.24472
11.481378543635353,8.233191
11.485547526403558,8.226785
11.489716509171762,8.212693
11.493885491939967,8.207568
11.498054474708171,8.196038
11.502223457476376,8.180665
11.50639244024458,8.17426
11.510561423012785,8.169135
11.51473040578099,8.164011
11.518899388549194,8.148638
11.523068371317398,8.135827
11.527237354085603,8.121735
11.531406336853808,8.107643
11.535575319622012,8.090988
11.539744302390217,8.082021
11.543913285158421,8.065367
11.548082267926626,8.05768
11.55225125069483,8.049994
11.556420233463035,8.035901
11.56058921623124,8.016685
11.564758198999444,7.997468
11.568927181767648,7.993625
11.573096164535853,7.984657
11.577265147304058,7.971846
11.581434130072262,7.953911
11.585603112840467,7.944943
11.589772095608671,7.937256
11.593941078376876,7.92957
11.59811006114508,7.923859
11.602279043913285,7.934107
11.60644802668149,7.978946
11.610617009449694,8.039158
11.614785992217898,8.107056
11.618954974986103,8.199295
11.623123957754308,8.310751
11.627292940522512,8.419644
11.631461923290717,8.553465
11.635630906058921,8.631613
11.639799888827126,8.684137
11.64396887159533,8.705916
11.648137854363535,8.693105
11.65230683713174,8.649548
11.656475819899944,8.60471
11.660644802668148,8.552184
11.664813785436353,8.506064
11.668982768204557,8.494534
11.673151750972762,8.493254
11.677320733740967,8.518876
11.681489716509171,8.526563
11.685658699277376,8.503503
11.68982768204558,8.539373
11.693996664813785,8.511189
11.69816564758199,8.471475
11.702334630350194,8.424074
11.706503613118398,8.390766
11.710672595886603,8.37283
11.714841578654807,8.353614
11.719010561423012,8.353614
11.723179544191217,8.415107
11.727348526959421,8.54706
11.731517509727626,8.714884
11.73568649249583,8.827621
11.739855475264035,8.927547
11.74402445803224,9.036926
11.748193440800444,9.056143
11.752362423568648,9.074078
11.756531406336853,9.038207
11.760700389105057,8.993368
11.764869371873262,8.953654
11.769038354641467,8.897286
11.773207337409671,8.846042
11.777376320177876,8.794798
11.78154530294608,8.720494
11.785714285714285,8.388689
11.78988326848249,7.907791
11.794052251250694,7.841868
11.798221234018898,7.816246
11.802390216787103,7.747066
11.80655919955531,7.421668
11.810728182323514,7.883364
11.814897165091718,8.074247
11.819066147859923,8.437579
11.823235130628127,8.466351
11.827404113396332,8.479161
11.831573096164536,8.468913
11.835742078932741,8.449697
11.839911061700946,8.450977
11.84408004446915,8.46507
11.848249027237355,8.539373
11.85241801000556,8.613677
11.856586992773764,8.672607
11.860755975541968,8.712321
11.864924958310173,8.730257
11.869093941078377,8.731538
11.873262923846582,8.728976
11.877431906614786,8.725133
11.881600889382991,8.712321
11.885769872151196,8.694386
11.8899388549194,8.690543
11.894107837687605,8.741787
11.89827682045581,8.854524
11.902445803224014,8.999288
11.906614785992218,9.171441
11.910783768760423,9.258556
11.914952751528627,9.291864
11.919121734296832,9.300833
11.923290717065036,9.27521
11.927459699833241,9.230371
11.931628682601445,9.171441
11.93579766536965,9.108667
11.939966648137855,9.043331
11.94413563090606,8.988244
11.948304613674264,8.954935
11.952473596442468,8.91394
11.956642579210673,8.881913
11.960811561978877,8.863977
11.964980544747082,8.853728
11.969149527515286,8.851167
11.973318510283491,8.847323
11.977487493051695,8.840918
11.9816564758199,8.838355
11.985825458588105,8.825544
11.989994441356309,8.817858
11.994163424124514,8.805047
11.998332406892718,8.788392
12.002501389660923,8.780706
12.006670372429127,8.779425
12.010839355197332,8.771738
12.015008337965536,8.760208
12.019177320733741,8.76149
12.023346303501945,8.760208
12.02751528627015,8.74996
12.031684269038355,8.746117
12.035853251806559,8.737148
12.040022234574764,8.739711
12.044191217342968,8.734587
12.048360200111173,8.728181
12.052529182879377,8.729462
12.056698165647582,8.729462
12.060867148415786,8.732024
12.06503613118399,8.744835
12.069205113952195,8.767895
12.0733740967204,8.776863
12.077543079488605,8.793517
12.081712062256809,8.796079
12.085881045025014,8.798641
12.090050027793218,8.790955
12.094219010561423,8.793517
12.098387993329627,8.816577
12.102556976097832,8.851167
12.106725958866036,8.8896
12.11089494163424,8.933157
12.115063924402445,8.947248
12.11923290717065,8.954935
12.123401889938854,8.926751
12.127570872707059,8.910097
12.131739855475264,8.906254
12.135908838243468,8.860134
12.140077821011673,8.902411
12.144246803779877,9.047174
12.148415786548082,9.231653
12.152584769316286,9.471219
12.15675375208449,9.688848
12.160922734852695,9.779806
12.1650917176209,9.815677
12.169260700389104,9.792617
12.173429683157309,9.774681
12.177598665925514,9.664507
12.181767648693718,9.49284
12.185936631461923,9.182814
12.190105614230127,9.07392
12.194274596998332,9.061109
12.198443579766536,9.034205
12.20261256253474,9.066234
12.206781545302945,9.084168
12.21095052807115,9.185375
12.215119510839354,9.207154
12.219288493607559,9.386508
12.223457476375764,9.433908
12.227626459143968,9.71447
12.231795441912173,9.647853
12.235964424680377,9.731124
12.240133407448582,9.734967
12.244302390216786,9.587641
12.24847137298499,9.70294
12.252640355753195,9.49284
12.2568093385214,9.290425
12.260978321289604,9.345513
12.265147304057809,9.368573
12.269316286826013,9.442877
12.273485269594218,9.521024
12.277654252362423,8.879192
12.281823235130627,8.642347
12.285992217898832,8.579574
12.290161200667036,8.696154
12.29433018343524,8.817858
12.298499166203445,9.559614
12.30266814897165,10.070616
12.306837131739856,9.920874
12.31100611450806,9.742801
12.315175097276265,9.592912
12.31934408004447,9.868348
12.323513062812674,10.143785
12.327682045580879,10.530677
12.331851028349083,10.744797
12.336020011117288,10.483453
12.340188993885493,10.233638
12.344357976653697,9.89799
12.348526959421902,9.686432
12.352695942190106,9.726146
12.35686492495831,9.954182
12.361033907726515,10.237305
12.36520289049472,10.502493
12.369371873262924,10.657682
12.373540856031129,10.801166
12.377709838799333,10.999736
12.381878821567538,10.94642
12.386047804335742,10.787563
12.390216787103947,11.087341
12.394385769872152,11.120649
12.398554752640356,11.162926
12.40272373540856,11.13346
12.406892718176765,11.083498
12.41106170094497,11.033535
12.415230683713174,10.956669
12.419399666481379,10.9003
12.423568649249583,10.870835
12.427737632017788,10.897738
12.431906614785992,10.940015
12.436075597554197,11.055313
12.440244580322402,11.343561
12.444413563090606,11.558785
12.44858254585881,11.75988
12.452751528627015,12.03916
12.45692051139522,12.030752
12.461089494163424,11.34024
12.465258476931629,10.837488
12.469427459699833,10.366082
12.473596442468038,9.844184
12.477765425236242,9.635188
12.481934408004447,9.723584
12.486103390772652,10.023361
12.490272373540856,10.205277
12.49444135630906,10.34748
12.498610339077265,10.015675
12.50277932184547,9.604442
12.506948304613674,10.055388
12.511117287381879,10.563985
12.515286270150083,11.088132
12.519455252918288,11.376869
12.523624235686492,11.537006
12.527793218454697,11.584369
12.531962201222901,11.536968
12.536131183991106,11.478038
12.54030016675931,11.452415
12.544469149527515,11.260251
12.54863813229572,11.14239
12.552807115063924,10.982252
12.556976097832129,10.951506
12.561145080600333,11.043783
12.565314063368538,10.974604
12.569483046136742,11.007913
12.573652028904947,11.030972
12.577821011673151,11.1104
12.581989994441356,11.150115
12.58615897720956,11.219295
12.590327959977765,11.194953
12.59449694274597,11.321782
12.598665925514174,11.410178
12.602834908282379,11.455016
12.607003891050583,11.490849
12.611172873818788,11.458821
12.615341856586992,11.447291
12.619510839355197,11.516471
12.623679822123401,11.599742
12.627848804891606,11.638175
12.63201778765981,11.618958
12.636186770428015,11.659954
12.64035575319622,11.650987
12.644524735964424,11.622802
12.648693718732629,11.580525
12.652862701500833,11.479319
12.657031684269038,11.358895
12.661200667037242,11.390924
12.665369649805447,11.047588
12.669538632573651,10.838769
12.673707615341856,10.367363
12.67787659811006,10.105528
12.682045580878265,10.155491
12.68621456364647,10.099123
12.690383546414674,10.152929
12.694552529182879,10.473204
12.698721511951083,10.824225
12.702890494719288,10.150367
12.707059477487492,10.967709
12.711228460255697,11.105276
12.715397443023901,11.264132
12.719566425792106,11.426832
12.72373540856031,11.066843
12.727904391328515,11.361496
12.73207337409672,10.540311
12.736242356864924,10.337897
12.740411339633129,10.302817
12.744580322401333,10.653839
12.748749305169538,10.961303
12.752918287937742,11.066843
12.757087270705947,11.288473
12.761256253474151,11.170612
12.765425236242356,10.740163
12.76959421901056,10.477537
12.773763201778765,10.522376
12.77793218454697,10.400671
12.782101167315174,10.27079
12.786270150083379,10.179832
12.790439132851583,10.127307
12.794608115619788,10.275914
12.798777098387992,10.462955
12.802946081156197,10.555194
12.807115063924403,10.59747
12.811284046692608,10.524447
12.815453029460812,10.528291
12.819622012229017,10.496264
12.823790994997221,10.510356
12.827959977765426,10.442457
12.83212896053363,10.355343
12.836297943301835,10.228514
12.84046692607004,10.11834
12.844635908838244,10.038911
12.848804891606449,10.041473
12.852973874374653,10.067095
12.857142857142858,10.051723
12.861311839911062,10.136274
12.865480822679267,10.521886
12.869649805447471,10.685866
12.873818788215676,10.931837
12.87798777098388,11.077883
12.882156753752085,11.206483
12.88632573652029,11.224419
12.890494719288494,11.155239
12.894663702056699,11.310252
12.898832684824903,11.285912
12.903001667593108,11.346123
12.907170650361312,11.417865
12.911339633129517,11.531882
12.915508615897721,11.75988
12.919677598665926,11.863649
12.92384658143413,11.879022
12.928015564202335,11.649705
12.93218454697054,11.699668
12.936353529738744,11.843151
12.940522512506949,11.457541
12.944691495275153,10.915635
12.948860478043358,10.692762
12.953029460811562,10.505722
12.957198443579767,10.463446
12.961367426347971,10.764503
12.965536409116176,10.85418
12.96970539188438,10.682513
12.973874374652585,11.079655
12.97804335742079,11.187266
12.982212340188994,11.221856
12.986381322957198,11.276943
12.990550305725403,11.220575
12.994719288493608,11.082216
12.998888271261812,10.7376
13.003057254030017,10.72479
13.007226236798221,10.428856
13.011395219566426,10.191362
13.01556420233463,10.277196
13.019733185102835,10.29385
13.02390216787104,10.132431
13.028071150639244,10.06069
13.032240133407448,10.073501
13.036409116175653,10.028663
13.040578098943858,10.169583
13.044747081712062,9.924893
13.048916064480267,9.888845
13.053085047248471,9.9055
13.057254030016676,10.018237
13.06142301278488,10.284705
13.065591995553085,9.746644
13.06976097832129,9.599318
13.073929961089494,9.808137
13.078098943857698,9.855537
13.082267926625903,9.925998
13.086436909394108,10.01055
13.090605892162312,10.050264
13.094774874930517,10.291111
13.098943857698721,10.553737
13.103112840466926,10.767857
13.10728182323513,10.833193
13.111450806003335,10.739673
13.11561978877154,10.279757
13.119788771539744,10.738392
13.123957754307948,11.030482
13.128126737076153,11.068125
13.132295719844358,11.460141
13.136464702612562,10.965598
13.140633685380767,10.838769
13.144802668148971,10.750412
13.148971650917176,10.73632
13.15314063368538,10.63255
13.157309616453585,10.442947
13.16147859922179,10.418117
13.165647581989994,10.541102
13.169816564758198,10.948492
13.173985547526403,11.566472
13.178154530294607,11.483162
13.182323513062812,11.338398
13.186492495831017,11.298684
13.190661478599221,10.847737
13.194830461367426,11.224419
13.19899944413563,10.863149
13.203168426903835,10.696606
13.20733740967204,10.418607
13.211506392440244,10.332283
13.215675375208448,10.288726
13.219844357976653,10.609
13.224013340744857,10.487296
13.228182323513062,10.462955
13.232351306281267,10.419397
13.236520289049471,10.64359
13.240689271817676,10.383527
13.24485825458588,10.739673
13.249027237354085,10.502669
13.25319622012229,10.161897
13.257365202890494,10.879313
13.261534185658698,10.670493
13.265703168426903,10.04916
13.269872151195107,9.836497
13.274041133963312,9.747925
13.278210116731517,9.744081
13.282379099499721,9.955463
13.286548082267926,10.296235
13.29071706503613,9.827353
13.294886047804335,9.681308
13.29905503057254,10.473027
13.303224013340744,10.742235
13.307392996108948,10.866502
13.311561978877155,10.861377
13.31573096164536,10.902372
13.319899944413564,10.902372
13.324068927181768,10.904935
13.328237909949973,10.883156
13.332406892718177,10.910059
13.336575875486382,10.94593
13.340744858254586,10.997663
13.344913841022791,10.989977
13.349082823790996,10.899019
13.3532518065592,10.71326
13.357420789327405,10.813186
13.36158977209561,10.822153
13.365758754863814,10.847775
13.369927737632018,10.931046
13.374096720400223,10.936172
13.378265703168427,10.932328
13.382434685936632,10.925922
13.386603668704836,10.94642
13.390772651473041,10.93489
13.394941634241246,10.927203
13.39911061700945,10.977166
13.403279599777655,11.019443
13.40744858254586,11.116806
13.411617565314064,10.959231
13.415786548082268,10.86571
13.419955530850473,11.034816
13.424124513618677,10.97076
13.428293496386882,10.808062
13.432462479155086,10.614615
13.436631461923291,10.42245
13.440800444691495,10.427084
13.4449694274597,10.451426
13.449138410227905,10.589784
13.45330739299611,10.665369
13.457476375764314,10.533416
13.461645358532518,9.89799
13.465814341300723,9.622377
13.469983324068927,9.352065
13.474152306837132,9.113634
13.478321289605336,9.093136
13.482490272373541,8.807451
13.486659255141745,8.301575
13.49082823790995,8.037182
13.494997220678155,8.543217
13.499166203446359,9.07103
13.503335186214564,9.569863
13.507504168982768,9.974533
13.511673151750973,10.248835
13.515842134519177,10.423064
13.520011117287382,10.411534
13.524180100055586,10.13866
13.528349082823791,10.187342
13.532518065591995,10.458935
13.5366870483602,10.610282
13.540856031128405,10.560319
13.545025013896609,10.634623
13.549193996664814,10.596189
13.553362979433018,10.443739
13.557531962201223,10.233638
13.561700944969427,10.092717
13.565869927737632,10.056847
13.570038910505836,10.097841
13.57420789327404,10.307942
13.578376876042245,10.430927
13.58254585881045,10.420679
13.586714841578655,10.543664
13.590883824346859,10.568006
13.595052807115064,10.568006
13.599221789883268,10.560319
13.603390772651473,10.542383
13.607559755419677,10.535977
13.611728738187882,10.521886
13.615897720956086,10.516761
13.62006670372429,10.521886
13.624235686492495,10.525729
13.6284046692607,10.543664
13.632573652028904,10.565443
13.636742634797109,10.553913
13.640911617565314,10.551351
13.645080600333518,10.539821
13.649249583101723,10.537259
13.653418565869927,10.547507
13.657587548638132,10.455269
13.661756531406336,10.496264
13.66592551417454,10.502669
13.670094496942745,10.493701
13.67426347971095,10.483453
13.678432462479154,10.446301
13.682601445247359,10.407867
13.686770428015564,10.389933
13.690939410783768,10.371997
13.695108393551973,10.416836
13.699277376320177,10.547507
13.703446359088382,10.603876
13.707615341856586,10.705083
13.71178432462479,10.854972
13.715953307392995,10.94593
13.7201222901612,11.036097
13.724291272929404,11.102715
13.728460255697609,11.141147
13.732629238465814,11.16805
13.736798221234018,11.153958
13.740967204002223,11.136023
13.745136186770427,11.107839
13.749305169538632,11.07453
13.753474152306836,11.037378
13.75764313507504,10.974604
13.761812117843245,10.913112
13.76598110061145,10.890052
13.770150083379654,10.863149
13.774319066147859,10.84265
13.778488048916063,10.825996
13.782657031684268,10.805499
13.786826014452473,10.792688
13.790994997220677,10.777315
13.795163979988882,10.769629
13.799332962757086,10.758099
13.80350194552529,10.744006
13.807670928293495,10.7376
13.811839911061702,10.72607
13.816008893829906,10.719666
13.82017787659811,10.710697
13.824346859366315,10.694043
13.82851584213452,10.682513
13.832684824902724,10.669703
13.836853807670929,10.670983
13.841022790439133,10.664578
13.845191773207338,10.640237
13.849360755975543,10.626145
13.853529738743747,10.614615
13.857698721511952,10.586431
13.861867704280156,10.571057
13.86603668704836,10.563371
13.870205669816565,10.560809
13.87437465258477,10.38658
13.878543635352974,10.129869
13.882712618121179,9.928737
13.886881600889383,10.089978
13.891050583657588,10.218088
13.895219566425792,10.24243
13.899388549193997,10.21937
13.903557531962202,10.238586
13.907726514730406,10.236024
13.91189549749861,10.225775
13.916064480266815,10.211683
13.92023346303502,10.211683
13.924402445803224,10.197591
13.928571428571429,10.188623
13.932740411339633,10.165564
13.936909394107838,10.123287
13.941078376876042,10.089978
13.945247359644247,10.065638
13.949416342412452,10.060513
13.953585325180656,10.048984
13.95775430794886,10.032329
13.961923290717065,10.02208
13.96609227348527,10.004145
13.970261256253474,9.986209
13.974430239021679,9.991334
13.978599221789883,9.979804
13.982768204558088,9.964431
13.986937187326292,9.954182
13.991106170094497,9.960588
13.995275152862702,9.805574
13.999444135630906,9.813261
14.00361311839911,9.874754
14.007782101167315,9.867067
14.01195108393552,9.850412
14.016120066703724,9.867067
14.020289049471929,9.856818
14.024458032240133,9.820948
14.028627015008338,9.659529
14.032795997776542,9.548074
14.036964980544747,9.668497
14.041133963312951,9.646718
14.045302946081156,9.582663
14.04947192884936,9.580101
14.053640911617565,9.603161
14.05780989438577,9.437899
14.061978877153974,9.465937
14.066147859922179,9.497964
14.070316842690383,9.486434
14.074485825458588,9.482591
14.078654808226792,9.467217
14.082823790994997,9.426222
14.086992773763201,9.251992
14.091161756531406,9.366011
14.09533073929961,9.440314
14.099499722067815,9.462093
14.10366870483602,9.460812
14.107837687604224,9.451844
14.112006670372429,9.499245
14.116175653140633,9.512056
14.120344635908838,9.513337
14.124513618677042,9.506931
14.128682601445247,9.499245
14.132851584213451,9.490277
14.137020566981656,9.485153
14.14118954974986,9.472342
14.145358532518065,9.467217
14.14952751528627,9.448001
14.153696498054474,9.442877
14.157865480822679,9.428784
14.162034463590883,9.418535
14.166203446359088,9.408287
14.170372429127292,9.403162
14.174541411895497,9.391632
14.178710394663701,9.378821
14.182879377431906,9.368573
14.18704836020011,9.354481
14.191217342968315,9.342951
14.19538632573652,9.34167
14.199555308504724,9.36473
14.203724291272929,9.368573
14.207893274041133,9.357043
14.212062256809338,9.357043
14.216231239577542,9.351918
14.220400222345747,9.344232
14.224569205113951,9.33014
14.228738187882156,9.325015
14.23290717065036,9.312204
14.237076153418565,9.308361
14.24124513618677,9.29555
14.245414118954974,9.287864
14.249583101723179,9.277615
14.253752084491383,9.264804
14.257921067259588,9.267365
14.262090050027792,9.251992
14.266259032795997,9.226371
14.270428015564201,9.216122
14.274596998332406,9.212278
14.27876598110061,9.195624
14.282934963868815,9.177689
14.28710394663702,9.166159
14.291272929405224,9.15591
14.295441912173429,9.143099
14.299610894941633,9.137975
14.303779877709838,9.126445
14.307948860478042,9.111072
14.312117843246247,9.098261
14.316286826014453,9.090574
14.320455808782658,9.081607
14.324624791550862,9.076482
14.328793774319067,9.063671
14.332962757087271,9.059828
14.337131739855476,9.038049
14.34130072262368,9.030362
14.345469705391885,9.022676
14.34963868816009,9.012427
14.353807670928294,9.012427
14.357976653696499,9.004741
14.362145636464703,8.990648
14.366314619232908,8.976556
14.370483602001112,8.971432
14.374652584769317,8.971432
14.378821567537521,8.957339
14.382990550305726,8.953496
14.38715953307393,8.938124
14.391328515842135,8.929155
14.39549749861034,8.92275
14.399666481378544,8.916503
14.403835464146749,8.916503
14.408004446914953,8.90113
14.412173429683158,8.894724
14.416342412451362,8.883194
14.420511395219567,8.87807
14.424680377987771,8.86654
14.428849360755976,8.848604
14.43301834352418,8.840918
14.437187326292385,8.828107
14.44135630906059,8.805047
14.445525291828794,8.790955
14.449694274596999,8.779425
14.453863257365203,8.774301
14.458032240133408,8.758927
14.462201222901612,8.744835
14.466370205669817,8.737148
14.470539188438021,8.724338
14.474708171206226,8.719213
14.47887715397443,8.710245
14.483046136742635,8.697434
14.48721511951084,8.702559
14.491384102279044,8.687185
14.495553085047248,8.670531
14.499722067815453,8.661564
14.503891050583658,8.651315
14.508060033351862,8.637223
14.512229016120067,8.628255
14.516397998888271,8.620568
14.520566981656476,8.61032
14.52473596442468,8.601352
14.528904947192885,8.588541
14.53307392996109,8.580854
14.537242912729294,8.573168
14.541411895497498,8.565481
14.545580878265703,8.553951
14.549749861033908,8.542421
14.553918843802112,8.528329
14.558087826570317,8.516799
14.562256809338521,8.514237
14.566425792106726,8.510394
14.57059477487493,8.497582
14.574763757643135,8.484772
14.57893274041134,8.477085
14.583101723179544,8.45915
14.587270705947748,8.455307
14.591439688715953,8.451464
14.595608671484158,8.439934
14.599777654252362,8.425841
14.603946637020567,8.338241
14.608115619788771,8.172978
14.612284602556976,7.987219
14.61645358532518,8.23191
14.620622568093385,8.253688
14.62479155086159,8.221661
14.628960533629794,8.194757
14.633129516397998,8.189633
14.637298499166203,8.096113
14.641467481934408,8.062804
14.645636464702612,8.117891
14.649805447470817,8.131984
14.653974430239021,8.135827
14.658143413007226,8.138389
14.66231239577543,8.090988
14.666481378543635,8.03462
14.67065036131184,8.019247
14.674819344080044,8.052555
14.678988326848248,8.131984
14.683157309616453,8.121735
14.687326292384657,8.116611
14.691495275152862,8.089707
14.695664257921067,8.099957
14.699833240689271,8.087145
14.704002223457476,8.060242
14.70817120622568,8.028214
14.712340188993885,8.001311
14.71650917176209,7.987219
14.720678154530294,7.988501
14.724847137298498,7.970565
14.729016120066703,7.957754
14.733185102834907,7.951348
14.737354085603112,7.932132
14.741523068371317,7.905229
14.745692051139521,7.916172
14.749861033907726,7.907204
14.75403001667593,7.886706
14.758198999444135,7.863647
14.76236798221234,7.788062
14.766536964980544,7.817527
14.770705947748748,7.885426
14.774874930516953,7.86749
14.779043913285157,7.881582
14.783212896053362,7.899518
14.787381878821567,7.912329
14.791550861589771,7.943075
14.795719844357976,7.987914
14.79988882712618,7.991757
14.804057809894385,7.981508
14.80822679266259,7.966135
14.812395775430794,7.999444
14.816564758199,8.013535
14.820733740967205,8.017379
14.82490272373541,7.7855
14.829071706503614,7.695823
14.833240689271818,7.930264
14.837409672040023,7.954605
14.841578654808227,7.928983
14.845747637576432,7.911047
14.849916620344636,7.916172
14.854085603112841,7.937951
14.858254585881046,7.950761
14.86242356864925,7.925139
14.866592551417455,7.937951
14.87076153418566,7.948199
14.874930516953864,7.949481
14.879099499722068,7.953324
14.883268482490273,7.953324
14.887437465258477,7.935389
14.891606448026682,7.928983
14.895775430794886,7.903361
14.899944413563091,7.881582
14.904113396331296,7.880301
14.9082823790995,7.870052
14.912451361867705,7.866209
14.91662034463591,7.857241
14.920789327404114,7.849555
14.924958310172318,7.848274
14.929127292940523,7.840587
14.933296275708727,7.830338
14.937465258476932,7.825214
14.941634241245136,7.814965
14.945803224013341,7.793186
14.949972206781545,7.780375
14.95414118954975,7.767564
14.958310172317955,7.771408
14.962479155086159,7.767564
14.966648137854364,7.756034
14.970817120622568,7.749629
14.974986103390773,7.735537
14.979155086158977,7.730412
14.983324068927182,7.735537
14.987493051695386,7.720164
14.991662034463591,7.686855
14.995831017231795,7.718883
15.0,7.702228
